,count,mean,std,min,1%,5%,25%,50%,75%,95%,99%,max,iqr,missing_count,missing_percent,skewness
age,116573.0,63.924974050594905,16.471940619492184,18.0,21.0,31.0,54.0,66.0,76.0,88.0,90.0,90.0,22.0,0,0.0,-0.569738207654691
sex_female,116573.0,0.4537671673543616,0.4978600721556205,0.0,0.0,0.0,0.0,0.0,1.0,1.0,1.0,1.0,1.0,0,0.0,0.1857293984582359
elixhauser_count,116573.0,0.625746860902022,0.5079208679960219,0.0,0.0,0.0,0.0,0.6931471805599453,0.6931471805599453,1.6094379124341003,1.791759469228055,2.4849066497880004,0.6931471805599453,0,0.0,0.30931175408107237
heart_rate,116573.0,85.5857384650498,16.380528322908436,24.0,52.9023647526944,60.905792055705014,73.7080291970803,84.39930555555556,96.28222996515679,114.30586854460093,127.02221537227777,172.66666666666666,22.574200768076494,0,0.0,0.35101468730179886
respiratory_rate,116573.0,3.008244444943219,0.21104052456282743,1.6094379124341003,2.546496522148814,2.683334114057912,2.870604717155388,2.9961523533753334,3.13352287553791,3.3762639795986593,3.557536733096527,4.394449154672439,0.26291815838252175,0,0.0,0.2784549054825994
systolic_blood_pressure,116573.0,119.69205583377652,18.924823694485706,36.0,85.02906742640077,93.31582331562763,105.59223300970874,117.23076923076923,131.7391304347826,154.29910447761193,169.28347826086957,248.0,26.14689742507386,0,0.0,0.5618569842880572
temperature,116573.0,37.09993529146895,0.3879412647801386,26.0,35.80673884711779,36.99620828538551,37.11945945945946,37.11945945945946,37.11945945945946,37.236544369848986,38.01662552664188,43.849999999999994,0.0,0,0.0,-7.0656198694053405
oxygen_saturation,116573.0,96.87319041796795,2.1819269711128566,55.0,90.95602252864634,93.28403479236812,95.60740740740741,97.10162601626017,98.48591549295774,99.77003484320558,99.99214320866142,100.0,2.8785080855503367,0,0.0,-1.811390548961397
gcs,116573.0,12.510529882562858,3.4538967327011423,3.0,3.0,3.0,11.0,14.0,15.0,15.0,15.0,15.0,4.0,0,0.0,-1.5558001457942106
wbc,116573.0,2.4677682991541694,0.48727855876884957,0.09531017980432487,1.1314021114911006,1.7047480922384253,2.186051276738094,2.468099531471619,2.760009940032921,3.242592351485517,3.648057459593681,5.293807211070151,0.5739586632948268,0,0.0,-0.23961289025143392
band_count,116573.0,2.169689072244552,0.2840554336653293,0.0,0.6931471805599453,2.174751721484161,2.174751721484161,2.174751721484161,2.174751721484161,2.174751721484161,3.295836866004329,4.589040804058207,0.0,0,0.0,-0.6742981905508096
esr,116573.0,3.4631773082902284,0.14532712209518422,0.0,3.4657359027997265,3.4657359027997265,3.4657359027997265,3.4657359027997265,3.4657359027997265,3.4657359027997265,3.4657359027997265,4.983606621708336,0.0,0,0.0,-6.819153611043165
crp,116573.0,2.3126817565143782,0.16609947836045186,0.0,2.312535423847214,2.312535423847214,2.312535423847214,2.312535423847214,2.312535423847214,2.312535423847214,2.312535423847214,6.214608098422191,0.0,0,0.0,4.7236112314391905
ast,116573.0,3.6365245095665975,0.7883120654110698,1.3862943611198906,2.3978952727983707,2.70805020110221,3.4965075614664802,3.4965075614664802,3.4965075614664802,5.204006687076795,7.06157440121575,9.20623194393164,0.0,0,0.0,2.6600311642192795
alt,116573.0,3.435724396212438,0.7340617969772429,1.0986122886681098,2.0794415416798357,2.4849066497880004,3.332204510175204,3.332204510175204,3.332204510175204,4.804021044733257,6.673297967767654,9.162199996648248,0.0,0,0.0,2.6897722016908054
total_bilirubin,116573.0,0.5589163199751661,0.32543899280256994,0.09531017980432487,0.18232155679395465,0.262364264467491,0.49469624183610705,0.49469624183610705,0.49469624183610705,1.0986122886681098,2.0918640616783932,4.07753744390572,0.0,0,0.0,4.154329278970365
bun,116573.0,3.1001314062606804,0.663902421114733,0.6931471805599453,1.6094379124341003,2.0794415416798357,2.6390573296152584,3.044522437723423,3.5263605246161616,4.276666119016055,4.709530201312334,5.521460917862246,0.8873031950009032,0,0.0,0.2767516349180746
creatinine,116573.0,0.8253573810510064,0.4163254345729906,0.09531017980432487,0.3074846997479606,0.4054651081081644,0.5596157879354227,0.6931471805599453,0.9555114450274363,1.7404661748405046,2.316487998163037,3.4111477125153233,0.3958956570920137,0,0.0,1.7921990867369704
inr,116573.0,0.8654255873985801,0.17399334777063366,0.5306282510621704,0.6830968447064438,0.6931471805599453,0.832909122935104,0.832909122935104,0.832909122935104,1.1939224684724346,1.7047480922384253,3.039749158970765,0.0,0,0.0,4.179271729277158
pao2,116573.0,4.688700012598987,0.35935561547865363,3.044522437723423,3.871201010907891,4.189654742026425,4.6443908991413725,4.6443908991413725,4.6443908991413725,5.480638923341991,6.030685260261263,6.505784060128229,0.0,0,0.0,1.4175943720622823
platelets,116573.0,5.207440633580941,0.5157358766551434,0.6931471805599453,3.4965075614664802,4.31748811353631,4.969813299576001,5.2574953720277815,5.5134287461649825,5.929589143389895,6.261491684321042,7.527255919373784,0.5436154465889818,0,0.0,-1.203452370751899
troponin,116573.0,0.286926261050838,0.5476981358480888,0.0,0.018821754240587758,0.04783732941416013,0.17395330712343804,0.17395330712343804,0.17395330712343804,0.9707789171582248,3.3531549255518645,6.75009511477902,0.0,0,0.0,5.591764570052802
glucose,116573.0,4.9141572502243545,0.3915341013111637,3.044522437723423,4.1588830833596715,4.406719247264253,4.653960350157523,4.859812404361672,5.10594547390058,5.634789603169249,6.129050210060545,7.491087593534876,0.4519851237430572,0,0.0,0.9713515059764335
sodium,116573.0,138.33265850582896,5.3535473635203354,93.0,123.0,130.0,136.0,139.0,141.0,146.0,152.0,195.0,5.0,0,0.0,-0.20510945674535308
hemoglobin,116573.0,10.951929434774776,2.281731296214533,2.1,6.1,7.4,9.3,10.9,12.5,14.8,16.3,23.6,3.1999999999999993,0,0.0,0.1648163735308679
chloride,116573.0,104.32455113962925,6.750624366434933,52.0,86.0,93.0,101.0,105.0,108.0,114.0,120.0,150.0,7.0,0,0.0,-0.31858945870238387
bicarbonate,116573.0,24.091023650416478,5.623991037281167,2.0,9.0,15.0,21.0,24.0,27.0,33.0,41.0,60.0,6.0,0,0.0,0.4864306157014281
lactate,116573.0,1.0260367073295968,0.27119964388391293,0.09531017980432487,0.4700036292457356,0.6418538861723948,0.9932517730102833,0.9932517730102833,0.9932517730102833,1.547562508716013,2.2407096892759584,3.4339872044851463,0.0,0,0.0,2.750375023668853
albumin,116573.0,2.878527188971717,0.4910770029234547,0.6,1.5,1.9,2.8,2.9,2.9,3.7,4.2,6.0,0.10000000000000009,0,0.0,-0.2075350432111265
