Document_ID,True_Label,True_Category,Cluster
0,0,alt.atheism,3
1,1,comp.graphics,2
2,1,comp.graphics,2
3,3,talk.religion.misc,3
4,1,comp.graphics,2
5,1,comp.graphics,2
6,2,sci.space,3
7,2,sci.space,3
8,2,sci.space,1
9,0,alt.atheism,0
10,1,comp.graphics,2
11,2,sci.space,1
12,3,talk.religion.misc,3
13,2,sci.space,2
14,0,alt.atheism,3
15,3,talk.religion.misc,3
16,3,talk.religion.misc,3
17,1,comp.graphics,2
18,1,comp.graphics,2
19,2,sci.space,3
20,3,talk.religion.misc,3
21,2,sci.space,1
22,1,comp.graphics,2
23,1,comp.graphics,2
24,2,sci.space,1
25,1,comp.graphics,2
26,0,alt.atheism,3
27,0,alt.atheism,3
28,0,alt.atheism,3
29,0,alt.atheism,3
30,2,sci.space,1
31,1,comp.graphics,3
32,1,comp.graphics,2
33,0,alt.atheism,3
34,0,alt.atheism,0
35,2,sci.space,1
36,2,sci.space,3
37,2,sci.space,1
38,0,alt.atheism,3
39,3,talk.religion.misc,0
40,0,alt.atheism,3
41,1,comp.graphics,2
42,2,sci.space,3
43,0,alt.atheism,3
44,1,comp.graphics,2
45,2,sci.space,3
46,1,comp.graphics,2
47,0,alt.atheism,3
48,0,alt.atheism,0
49,2,sci.space,1
50,2,sci.space,1
51,2,sci.space,1
52,2,sci.space,3
53,2,sci.space,3
54,0,alt.atheism,3
55,2,sci.space,1
56,3,talk.religion.misc,3
57,1,comp.graphics,2
58,0,alt.atheism,0
59,2,sci.space,3
60,1,comp.graphics,2
61,2,sci.space,3
62,2,sci.space,3
63,1,comp.graphics,2
64,3,talk.religion.misc,0
65,3,talk.religion.misc,0
66,3,talk.religion.misc,3
67,0,alt.atheism,3
68,1,comp.graphics,3
69,3,talk.religion.misc,3
70,1,comp.graphics,2
71,0,alt.atheism,3
72,0,alt.atheism,3
73,0,alt.atheism,3
74,2,sci.space,3
75,2,sci.space,1
76,0,alt.atheism,3
77,1,comp.graphics,3
78,1,comp.graphics,2
79,2,sci.space,3
80,2,sci.space,1
81,2,sci.space,1
82,2,sci.space,3
83,2,sci.space,3
84,2,sci.space,1
85,1,comp.graphics,3
86,2,sci.space,1
87,3,talk.religion.misc,2
88,1,comp.graphics,2
89,1,comp.graphics,2
90,1,comp.graphics,2
91,1,comp.graphics,2
92,0,alt.atheism,3
93,3,talk.religion.misc,3
94,3,talk.religion.misc,3
95,2,sci.space,1
96,1,comp.graphics,2
97,0,alt.atheism,3
98,3,talk.religion.misc,3
99,3,talk.religion.misc,3
100,2,sci.space,3
101,3,talk.religion.misc,0
102,1,comp.graphics,2
103,1,comp.graphics,2
104,2,sci.space,1
105,0,alt.atheism,3
106,2,sci.space,3
107,2,sci.space,1
108,1,comp.graphics,2
109,3,talk.religion.misc,3
110,1,comp.graphics,3
111,1,comp.graphics,2
112,0,alt.atheism,3
113,0,alt.atheism,0
114,0,alt.atheism,3
115,2,sci.space,1
116,3,talk.religion.misc,3
117,2,sci.space,2
118,2,sci.space,2
119,3,talk.religion.misc,3
120,3,talk.religion.misc,0
121,0,alt.atheism,2
122,0,alt.atheism,3
123,0,alt.atheism,3
124,1,comp.graphics,2
125,2,sci.space,3
126,0,alt.atheism,3
127,1,comp.graphics,3
128,3,talk.religion.misc,3
129,0,alt.atheism,3
130,1,comp.graphics,2
131,0,alt.atheism,3
132,1,comp.graphics,2
133,0,alt.atheism,3
134,3,talk.religion.misc,3
135,3,talk.religion.misc,0
136,3,talk.religion.misc,0
137,3,talk.religion.misc,0
138,3,talk.religion.misc,3
139,0,alt.atheism,3
140,1,comp.graphics,3
141,0,alt.atheism,3
142,2,sci.space,1
143,0,alt.atheism,3
144,0,alt.atheism,3
145,0,alt.atheism,3
146,1,comp.graphics,2
147,2,sci.space,1
148,3,talk.religion.misc,3
149,3,talk.religion.misc,3
150,2,sci.space,1
151,2,sci.space,3
152,1,comp.graphics,2
153,1,comp.graphics,2
154,0,alt.atheism,3
155,0,alt.atheism,3
156,0,alt.atheism,3
157,2,sci.space,1
158,1,comp.graphics,2
159,2,sci.space,3
160,1,comp.graphics,2
161,0,alt.atheism,3
162,1,comp.graphics,2
163,1,comp.graphics,2
164,2,sci.space,1
165,3,talk.religion.misc,0
166,1,comp.graphics,2
167,2,sci.space,2
168,3,talk.religion.misc,3
169,0,alt.atheism,3
170,0,alt.atheism,3
171,3,talk.religion.misc,3
172,2,sci.space,1
173,1,comp.graphics,2
174,0,alt.atheism,0
175,3,talk.religion.misc,3
176,1,comp.graphics,2
177,2,sci.space,3
178,0,alt.atheism,0
179,2,sci.space,1
180,2,sci.space,1
181,3,talk.religion.misc,3
182,2,sci.space,3
183,3,talk.religion.misc,3
184,2,sci.space,3
185,1,comp.graphics,2
186,2,sci.space,3
187,3,talk.religion.misc,3
188,3,talk.religion.misc,3
189,2,sci.space,3
190,2,sci.space,1
191,0,alt.atheism,3
192,1,comp.graphics,2
193,2,sci.space,3
194,2,sci.space,3
195,2,sci.space,2
196,2,sci.space,1
197,1,comp.graphics,2
198,1,comp.graphics,2
199,3,talk.religion.misc,0
200,2,sci.space,1
201,2,sci.space,3
202,3,talk.religion.misc,3
203,3,talk.religion.misc,3
204,2,sci.space,3
205,1,comp.graphics,3
206,0,alt.atheism,3
207,2,sci.space,3
208,1,comp.graphics,3
209,0,alt.atheism,0
210,2,sci.space,2
211,3,talk.religion.misc,0
212,2,sci.space,1
213,2,sci.space,3
214,3,talk.religion.misc,3
215,0,alt.atheism,3
216,2,sci.space,3
217,1,comp.graphics,2
218,1,comp.graphics,3
219,0,alt.atheism,3
220,2,sci.space,3
221,2,sci.space,1
222,1,comp.graphics,2
223,2,sci.space,1
224,1,comp.graphics,2
225,3,talk.religion.misc,0
226,2,sci.space,3
227,3,talk.religion.misc,0
228,1,comp.graphics,2
229,2,sci.space,3
230,2,sci.space,1
231,1,comp.graphics,2
232,0,alt.atheism,3
233,2,sci.space,1
234,1,comp.graphics,2
235,2,sci.space,1
236,3,talk.religion.misc,3
237,1,comp.graphics,3
238,0,alt.atheism,3
239,1,comp.graphics,2
240,0,alt.atheism,3
241,0,alt.atheism,3
242,2,sci.space,1
243,0,alt.atheism,0
244,1,comp.graphics,2
245,1,comp.graphics,2
246,1,comp.graphics,3
247,2,sci.space,3
248,3,talk.religion.misc,3
249,2,sci.space,1
250,1,comp.graphics,3
251,2,sci.space,1
252,1,comp.graphics,2
253,1,comp.graphics,2
254,0,alt.atheism,3
255,1,comp.graphics,2
256,3,talk.religion.misc,0
257,0,alt.atheism,0
258,1,comp.graphics,2
259,1,comp.graphics,2
260,1,comp.graphics,2
261,3,talk.religion.misc,3
262,0,alt.atheism,3
263,2,sci.space,1
264,3,talk.religion.misc,3
265,0,alt.atheism,3
266,2,sci.space,3
267,1,comp.graphics,2
268,2,sci.space,1
269,0,alt.atheism,3
270,0,alt.atheism,3
271,2,sci.space,3
272,3,talk.religion.misc,3
273,2,sci.space,1
274,2,sci.space,1
275,1,comp.graphics,2
276,2,sci.space,2
277,3,talk.religion.misc,3
278,3,talk.religion.misc,3
279,3,talk.religion.misc,3
280,2,sci.space,1
281,3,talk.religion.misc,3
282,3,talk.religion.misc,3
283,3,talk.religion.misc,0
284,3,talk.religion.misc,3
285,3,talk.religion.misc,0
286,1,comp.graphics,2
287,0,alt.atheism,0
288,2,sci.space,1
289,3,talk.religion.misc,0
290,2,sci.space,1
291,3,talk.religion.misc,0
292,1,comp.graphics,2
293,0,alt.atheism,3
294,0,alt.atheism,3
295,1,comp.graphics,2
296,1,comp.graphics,2
297,1,comp.graphics,2
298,1,comp.graphics,2
299,0,alt.atheism,3
300,3,talk.religion.misc,3
301,0,alt.atheism,3
302,1,comp.graphics,2
303,2,sci.space,1
304,3,talk.religion.misc,0
305,0,alt.atheism,0
306,1,comp.graphics,2
307,2,sci.space,3
308,3,talk.religion.misc,0
309,1,comp.graphics,3
310,3,talk.religion.misc,0
311,2,sci.space,1
312,2,sci.space,1
313,3,talk.religion.misc,0
314,3,talk.religion.misc,0
315,2,sci.space,1
316,3,talk.religion.misc,3
317,3,talk.religion.misc,0
318,0,alt.atheism,0
319,1,comp.graphics,2
320,3,talk.religion.misc,3
321,1,comp.graphics,3
322,1,comp.graphics,2
323,2,sci.space,3
324,2,sci.space,3
325,2,sci.space,3
326,3,talk.religion.misc,3
327,1,comp.graphics,2
328,1,comp.graphics,2
329,2,sci.space,3
330,0,alt.atheism,3
331,0,alt.atheism,3
332,0,alt.atheism,3
333,3,talk.religion.misc,3
334,2,sci.space,1
335,0,alt.atheism,3
336,2,sci.space,3
337,1,comp.graphics,2
338,2,sci.space,3
339,1,comp.graphics,3
340,0,alt.atheism,3
341,2,sci.space,1
342,1,comp.graphics,2
343,2,sci.space,1
344,1,comp.graphics,2
345,2,sci.space,1
346,2,sci.space,1
347,2,sci.space,3
348,1,comp.graphics,2
349,0,alt.atheism,3
350,2,sci.space,1
351,3,talk.religion.misc,0
352,2,sci.space,1
353,3,talk.religion.misc,3
354,1,comp.graphics,2
355,0,alt.atheism,3
356,3,talk.religion.misc,3
357,3,talk.religion.misc,3
358,2,sci.space,2
359,3,talk.religion.misc,3
360,0,alt.atheism,3
361,1,comp.graphics,2
362,2,sci.space,1
363,2,sci.space,3
364,1,comp.graphics,2
365,2,sci.space,3
366,1,comp.graphics,3
367,0,alt.atheism,0
368,3,talk.religion.misc,3
369,3,talk.religion.misc,3
370,3,talk.religion.misc,3
371,0,alt.atheism,3
372,3,talk.religion.misc,3
373,2,sci.space,3
374,1,comp.graphics,2
375,1,comp.graphics,2
376,2,sci.space,1
377,2,sci.space,1
378,2,sci.space,1
379,1,comp.graphics,2
380,1,comp.graphics,2
381,1,comp.graphics,2
382,1,comp.graphics,2
383,1,comp.graphics,2
384,1,comp.graphics,2
385,2,sci.space,3
386,3,talk.religion.misc,3
387,1,comp.graphics,2
388,3,talk.religion.misc,0
389,1,comp.graphics,2
390,2,sci.space,1
391,0,alt.atheism,3
392,1,comp.graphics,2
393,3,talk.religion.misc,3
394,1,comp.graphics,2
395,2,sci.space,3
396,0,alt.atheism,3
397,1,comp.graphics,3
398,3,talk.religion.misc,3
399,0,alt.atheism,0
400,2,sci.space,3
401,3,talk.religion.misc,3
402,1,comp.graphics,2
403,0,alt.atheism,3
404,1,comp.graphics,2
405,1,comp.graphics,2
406,3,talk.religion.misc,3
407,2,sci.space,3
408,2,sci.space,1
409,0,alt.atheism,3
410,1,comp.graphics,2
411,0,alt.atheism,3
412,1,comp.graphics,2
413,1,comp.graphics,2
414,2,sci.space,1
415,3,talk.religion.misc,3
416,2,sci.space,3
417,2,sci.space,3
418,1,comp.graphics,2
419,2,sci.space,1
420,0,alt.atheism,3
421,1,comp.graphics,2
422,2,sci.space,3
423,3,talk.religion.misc,3
424,2,sci.space,1
425,1,comp.graphics,2
426,1,comp.graphics,2
427,1,comp.graphics,2
428,0,alt.atheism,3
429,1,comp.graphics,2
430,0,alt.atheism,0
431,1,comp.graphics,2
432,1,comp.graphics,2
433,1,comp.graphics,2
434,1,comp.graphics,2
435,3,talk.religion.misc,0
436,1,comp.graphics,2
437,3,talk.religion.misc,3
438,2,sci.space,1
439,3,talk.religion.misc,3
440,0,alt.atheism,3
441,0,alt.atheism,3
442,2,sci.space,1
443,2,sci.space,2
444,0,alt.atheism,3
445,0,alt.atheism,3
446,2,sci.space,3
447,1,comp.graphics,2
448,2,sci.space,3
449,2,sci.space,3
450,1,comp.graphics,2
451,0,alt.atheism,0
452,1,comp.graphics,2
453,1,comp.graphics,2
454,1,comp.graphics,2
455,2,sci.space,1
456,1,comp.graphics,2
457,1,comp.graphics,2
458,2,sci.space,1
459,0,alt.atheism,0
460,2,sci.space,3
461,2,sci.space,1
462,2,sci.space,1
463,3,talk.religion.misc,0
464,1,comp.graphics,3
465,2,sci.space,2
466,3,talk.religion.misc,0
467,0,alt.atheism,3
468,2,sci.space,3
469,0,alt.atheism,3
470,3,talk.religion.misc,3
471,2,sci.space,1
472,2,sci.space,3
473,0,alt.atheism,3
474,1,comp.graphics,2
475,2,sci.space,1
476,2,sci.space,3
477,2,sci.space,3
478,0,alt.atheism,0
479,3,talk.religion.misc,3
480,0,alt.atheism,3
481,3,talk.religion.misc,3
482,2,sci.space,1
483,0,alt.atheism,3
484,3,talk.religion.misc,3
485,2,sci.space,3
486,0,alt.atheism,3
487,1,comp.graphics,2
488,1,comp.graphics,2
489,3,talk.religion.misc,3
490,3,talk.religion.misc,3
491,2,sci.space,2
492,2,sci.space,1
493,0,alt.atheism,3
494,3,talk.religion.misc,3
495,2,sci.space,1
496,0,alt.atheism,3
497,3,talk.religion.misc,3
498,2,sci.space,1
499,3,talk.religion.misc,0
500,1,comp.graphics,2
501,2,sci.space,2
502,1,comp.graphics,3
503,2,sci.space,1
504,1,comp.graphics,2
505,0,alt.atheism,0
506,1,comp.graphics,2
507,2,sci.space,1
508,0,alt.atheism,3
509,3,talk.religion.misc,0
510,1,comp.graphics,2
511,3,talk.religion.misc,3
512,3,talk.religion.misc,3
513,2,sci.space,1
514,3,talk.religion.misc,3
515,3,talk.religion.misc,3
516,3,talk.religion.misc,0
517,0,alt.atheism,0
518,1,comp.graphics,2
519,1,comp.graphics,2
520,1,comp.graphics,2
521,2,sci.space,1
522,2,sci.space,1
523,0,alt.atheism,0
524,1,comp.graphics,3
525,2,sci.space,3
526,0,alt.atheism,3
527,2,sci.space,3
528,3,talk.religion.misc,3
529,3,talk.religion.misc,3
530,3,talk.religion.misc,0
531,2,sci.space,2
532,3,talk.religion.misc,3
533,2,sci.space,3
534,1,comp.graphics,3
535,0,alt.atheism,3
536,1,comp.graphics,2
537,3,talk.religion.misc,3
538,2,sci.space,1
539,1,comp.graphics,2
540,2,sci.space,1
541,2,sci.space,1
542,2,sci.space,3
543,1,comp.graphics,2
544,2,sci.space,1
545,1,comp.graphics,2
546,0,alt.atheism,3
547,1,comp.graphics,2
548,1,comp.graphics,3
549,1,comp.graphics,2
550,2,sci.space,2
551,0,alt.atheism,0
552,1,comp.graphics,3
553,1,comp.graphics,3
554,2,sci.space,1
555,0,alt.atheism,3
556,0,alt.atheism,3
557,0,alt.atheism,3
558,1,comp.graphics,3
559,2,sci.space,3
560,1,comp.graphics,2
561,1,comp.graphics,2
562,3,talk.religion.misc,3
563,3,talk.religion.misc,0
564,2,sci.space,1
565,3,talk.religion.misc,3
566,0,alt.atheism,3
567,1,comp.graphics,2
568,1,comp.graphics,2
569,0,alt.atheism,3
570,3,talk.religion.misc,3
571,2,sci.space,3
572,0,alt.atheism,3
573,1,comp.graphics,2
574,3,talk.religion.misc,3
575,1,comp.graphics,2
576,2,sci.space,1
577,0,alt.atheism,3
578,3,talk.religion.misc,0
579,0,alt.atheism,3
580,0,alt.atheism,3
581,1,comp.graphics,2
582,1,comp.graphics,2
583,0,alt.atheism,3
584,3,talk.religion.misc,3
585,1,comp.graphics,3
586,0,alt.atheism,3
587,2,sci.space,3
588,0,alt.atheism,3
589,1,comp.graphics,2
590,3,talk.religion.misc,3
591,0,alt.atheism,3
592,1,comp.graphics,2
593,3,talk.religion.misc,0
594,3,talk.religion.misc,3
595,2,sci.space,3
596,1,comp.graphics,2
597,1,comp.graphics,2
598,0,alt.atheism,3
599,3,talk.religion.misc,3
600,2,sci.space,1
601,0,alt.atheism,0
602,0,alt.atheism,3
603,2,sci.space,3
604,2,sci.space,2
605,3,talk.religion.misc,3
606,2,sci.space,2
607,2,sci.space,3
608,2,sci.space,2
609,3,talk.religion.misc,0
610,1,comp.graphics,2
611,2,sci.space,3
612,1,comp.graphics,3
613,3,talk.religion.misc,0
614,3,talk.religion.misc,3
615,0,alt.atheism,3
616,0,alt.atheism,3
617,3,talk.religion.misc,0
618,0,alt.atheism,3
619,0,alt.atheism,3
620,1,comp.graphics,2
621,0,alt.atheism,3
622,3,talk.religion.misc,3
623,2,sci.space,2
624,0,alt.atheism,3
625,1,comp.graphics,3
626,1,comp.graphics,2
627,2,sci.space,1
628,2,sci.space,1
629,1,comp.graphics,2
630,3,talk.religion.misc,3
631,2,sci.space,1
632,1,comp.graphics,2
633,1,comp.graphics,2
634,3,talk.religion.misc,0
635,1,comp.graphics,2
636,1,comp.graphics,2
637,1,comp.graphics,3
638,3,talk.religion.misc,3
639,1,comp.graphics,2
640,0,alt.atheism,0
641,0,alt.atheism,3
642,1,comp.graphics,3
643,0,alt.atheism,3
644,2,sci.space,1
645,0,alt.atheism,3
646,2,sci.space,1
647,2,sci.space,3
648,2,sci.space,3
649,3,talk.religion.misc,3
650,0,alt.atheism,3
651,2,sci.space,1
652,2,sci.space,3
653,3,talk.religion.misc,3
654,1,comp.graphics,2
655,3,talk.religion.misc,3
656,2,sci.space,1
657,1,comp.graphics,3
658,0,alt.atheism,3
659,2,sci.space,3
660,3,talk.religion.misc,3
661,1,comp.graphics,2
662,2,sci.space,1
663,0,alt.atheism,0
664,1,comp.graphics,3
665,0,alt.atheism,3
666,0,alt.atheism,3
667,3,talk.religion.misc,3
668,0,alt.atheism,0
669,0,alt.atheism,0
670,0,alt.atheism,3
671,2,sci.space,3
672,2,sci.space,1
673,0,alt.atheism,3
674,2,sci.space,1
675,2,sci.space,3
676,1,comp.graphics,3
677,2,sci.space,3
678,2,sci.space,3
679,3,talk.religion.misc,2
680,1,comp.graphics,2
681,2,sci.space,3
682,2,sci.space,2
683,3,talk.religion.misc,3
684,2,sci.space,1
685,2,sci.space,3
686,3,talk.religion.misc,3
687,3,talk.religion.misc,3
688,1,comp.graphics,2
689,3,talk.religion.misc,3
690,0,alt.atheism,3
691,1,comp.graphics,3
692,2,sci.space,1
693,3,talk.religion.misc,3
694,2,sci.space,2
695,2,sci.space,3
696,1,comp.graphics,3
697,0,alt.atheism,3
698,3,talk.religion.misc,3
699,1,comp.graphics,2
700,1,comp.graphics,2
701,1,comp.graphics,2
702,2,sci.space,1
703,1,comp.graphics,2
704,1,comp.graphics,2
705,2,sci.space,3
706,0,alt.atheism,3
707,1,comp.graphics,2
708,1,comp.graphics,3
709,2,sci.space,1
710,1,comp.graphics,3
711,1,comp.graphics,2
712,2,sci.space,1
713,2,sci.space,1
714,3,talk.religion.misc,3
715,2,sci.space,1
716,2,sci.space,3
717,3,talk.religion.misc,3
718,3,talk.religion.misc,3
719,0,alt.atheism,3
720,0,alt.atheism,3
721,1,comp.graphics,2
722,3,talk.religion.misc,0
723,2,sci.space,1
724,2,sci.space,3
725,2,sci.space,1
726,1,comp.graphics,2
727,3,talk.religion.misc,0
728,1,comp.graphics,2
729,1,comp.graphics,2
730,2,sci.space,1
731,1,comp.graphics,2
732,1,comp.graphics,2
733,0,alt.atheism,0
734,0,alt.atheism,3
735,0,alt.atheism,3
736,0,alt.atheism,3
737,3,talk.religion.misc,3
738,0,alt.atheism,3
739,3,talk.religion.misc,0
740,2,sci.space,3
741,0,alt.atheism,0
742,0,alt.atheism,3
743,2,sci.space,1
744,1,comp.graphics,2
745,0,alt.atheism,3
746,1,comp.graphics,2
747,0,alt.atheism,3
748,1,comp.graphics,2
749,0,alt.atheism,3
750,2,sci.space,1
751,0,alt.atheism,3
752,0,alt.atheism,3
753,2,sci.space,3
754,2,sci.space,2
755,2,sci.space,3
756,1,comp.graphics,2
757,0,alt.atheism,0
758,3,talk.religion.misc,3
759,2,sci.space,1
760,0,alt.atheism,3
761,1,comp.graphics,2
762,2,sci.space,1
763,2,sci.space,3
764,2,sci.space,3
765,2,sci.space,1
766,0,alt.atheism,3
767,1,comp.graphics,2
768,1,comp.graphics,2
769,1,comp.graphics,3
770,1,comp.graphics,3
771,1,comp.graphics,2
772,2,sci.space,3
773,1,comp.graphics,2
774,3,talk.religion.misc,3
775,2,sci.space,3
776,1,comp.graphics,2
777,2,sci.space,1
778,2,sci.space,1
779,2,sci.space,3
780,1,comp.graphics,2
781,3,talk.religion.misc,3
782,1,comp.graphics,2
783,0,alt.atheism,3
784,0,alt.atheism,3
785,2,sci.space,1
786,1,comp.graphics,2
787,3,talk.religion.misc,3
788,2,sci.space,3
789,1,comp.graphics,2
790,1,comp.graphics,2
791,3,talk.religion.misc,3
792,0,alt.atheism,3
793,1,comp.graphics,2
794,2,sci.space,1
795,2,sci.space,3
796,3,talk.religion.misc,0
797,2,sci.space,3
798,2,sci.space,3
799,0,alt.atheism,0
800,2,sci.space,1
801,3,talk.religion.misc,3
802,2,sci.space,1
803,2,sci.space,2
804,2,sci.space,1
805,1,comp.graphics,2
806,2,sci.space,3
807,2,sci.space,2
808,3,talk.religion.misc,1
809,3,talk.religion.misc,3
810,0,alt.atheism,3
811,0,alt.atheism,3
812,0,alt.atheism,3
813,0,alt.atheism,3
814,0,alt.atheism,3
815,2,sci.space,1
816,0,alt.atheism,0
817,2,sci.space,1
818,1,comp.graphics,2
819,1,comp.graphics,2
820,2,sci.space,3
821,3,talk.religion.misc,3
822,0,alt.atheism,3
823,1,comp.graphics,3
824,1,comp.graphics,2
825,3,talk.religion.misc,3
826,2,sci.space,3
827,1,comp.graphics,3
828,0,alt.atheism,3
829,2,sci.space,1
830,2,sci.space,1
831,0,alt.atheism,3
832,0,alt.atheism,3
833,3,talk.religion.misc,0
834,3,talk.religion.misc,3
835,2,sci.space,2
836,3,talk.religion.misc,0
837,3,talk.religion.misc,3
838,3,talk.religion.misc,3
839,2,sci.space,1
840,3,talk.religion.misc,3
841,0,alt.atheism,3
842,1,comp.graphics,2
843,2,sci.space,1
844,2,sci.space,3
845,0,alt.atheism,3
846,2,sci.space,3
847,3,talk.religion.misc,3
848,0,alt.atheism,3
849,1,comp.graphics,2
850,2,sci.space,3
851,0,alt.atheism,3
852,1,comp.graphics,2
853,1,comp.graphics,3
854,1,comp.graphics,2
855,1,comp.graphics,2
856,0,alt.atheism,0
857,0,alt.atheism,3
858,2,sci.space,1
859,2,sci.space,0
860,2,sci.space,3
861,1,comp.graphics,2
862,0,alt.atheism,3
863,2,sci.space,1
864,0,alt.atheism,3
865,3,talk.religion.misc,3
866,0,alt.atheism,3
867,1,comp.graphics,2
868,1,comp.graphics,2
869,3,talk.religion.misc,3
870,1,comp.graphics,2
871,0,alt.atheism,3
872,2,sci.space,1
873,0,alt.atheism,3
874,2,sci.space,2
875,3,talk.religion.misc,3
876,0,alt.atheism,2
877,2,sci.space,1
878,2,sci.space,1
879,3,talk.religion.misc,3
880,0,alt.atheism,3
881,1,comp.graphics,2
882,3,talk.religion.misc,3
883,1,comp.graphics,2
884,1,comp.graphics,2
885,1,comp.graphics,2
886,0,alt.atheism,3
887,1,comp.graphics,2
888,3,talk.religion.misc,3
889,3,talk.religion.misc,3
890,2,sci.space,3
891,1,comp.graphics,3
892,1,comp.graphics,2
893,2,sci.space,1
894,0,alt.atheism,0
895,3,talk.religion.misc,3
896,1,comp.graphics,2
897,0,alt.atheism,3
898,2,sci.space,3
899,1,comp.graphics,2
900,3,talk.religion.misc,3
901,3,talk.religion.misc,3
902,1,comp.graphics,3
903,2,sci.space,1
904,1,comp.graphics,2
905,1,comp.graphics,2
906,1,comp.graphics,2
907,1,comp.graphics,2
908,2,sci.space,1
909,2,sci.space,1
910,3,talk.religion.misc,3
911,2,sci.space,1
912,0,alt.atheism,3
913,1,comp.graphics,2
914,0,alt.atheism,3
915,1,comp.graphics,2
916,1,comp.graphics,2
917,0,alt.atheism,3
918,0,alt.atheism,3
919,0,alt.atheism,3
920,2,sci.space,1
921,2,sci.space,1
922,1,comp.graphics,2
923,2,sci.space,1
924,3,talk.religion.misc,0
925,1,comp.graphics,2
926,1,comp.graphics,2
927,2,sci.space,1
928,2,sci.space,3
929,1,comp.graphics,2
930,2,sci.space,3
931,3,talk.religion.misc,3
932,3,talk.religion.misc,3
933,3,talk.religion.misc,3
934,0,alt.atheism,3
935,1,comp.graphics,3
936,0,alt.atheism,0
937,0,alt.atheism,3
938,2,sci.space,3
939,3,talk.religion.misc,0
940,2,sci.space,1
941,2,sci.space,3
942,0,alt.atheism,0
943,1,comp.graphics,3
944,1,comp.graphics,3
945,2,sci.space,1
946,2,sci.space,1
947,1,comp.graphics,2
948,2,sci.space,1
949,1,comp.graphics,3
950,2,sci.space,1
951,1,comp.graphics,2
952,3,talk.religion.misc,0
953,2,sci.space,1
954,2,sci.space,1
955,0,alt.atheism,3
956,2,sci.space,3
957,1,comp.graphics,2
958,1,comp.graphics,2
959,1,comp.graphics,2
960,0,alt.atheism,3
961,3,talk.religion.misc,0
962,2,sci.space,1
963,1,comp.graphics,2
964,0,alt.atheism,3
965,0,alt.atheism,3
966,3,talk.religion.misc,0
967,3,talk.religion.misc,3
968,0,alt.atheism,3
969,1,comp.graphics,2
970,1,comp.graphics,2
971,1,comp.graphics,2
972,3,talk.religion.misc,3
973,2,sci.space,3
974,3,talk.religion.misc,3
975,2,sci.space,1
976,1,comp.graphics,2
977,1,comp.graphics,2
978,2,sci.space,3
979,3,talk.religion.misc,3
980,2,sci.space,3
981,2,sci.space,1
982,3,talk.religion.misc,3
983,1,comp.graphics,1
984,2,sci.space,2
985,0,alt.atheism,3
986,2,sci.space,1
987,0,alt.atheism,3
988,0,alt.atheism,3
989,1,comp.graphics,2
990,1,comp.graphics,2
991,1,comp.graphics,3
992,3,talk.religion.misc,3
993,0,alt.atheism,3
994,0,alt.atheism,3
995,0,alt.atheism,3
996,0,alt.atheism,3
997,1,comp.graphics,2
998,1,comp.graphics,2
999,3,talk.religion.misc,3
1000,1,comp.graphics,2
1001,1,comp.graphics,2
1002,3,talk.religion.misc,0
1003,1,comp.graphics,2
1004,2,sci.space,3
1005,3,talk.religion.misc,3
1006,0,alt.atheism,0
1007,3,talk.religion.misc,3
1008,2,sci.space,3
1009,0,alt.atheism,3
1010,2,sci.space,3
1011,3,talk.religion.misc,0
1012,2,sci.space,1
1013,3,talk.religion.misc,3
1014,1,comp.graphics,2
1015,1,comp.graphics,2
1016,2,sci.space,1
1017,1,comp.graphics,3
1018,2,sci.space,1
1019,3,talk.religion.misc,3
1020,2,sci.space,3
1021,1,comp.graphics,2
1022,1,comp.graphics,2
1023,0,alt.atheism,3
1024,0,alt.atheism,0
1025,3,talk.religion.misc,3
1026,2,sci.space,1
1027,1,comp.graphics,2
1028,1,comp.graphics,2
1029,1,comp.graphics,2
1030,2,sci.space,1
1031,1,comp.graphics,3
1032,3,talk.religion.misc,3
1033,2,sci.space,3
1034,1,comp.graphics,2
1035,0,alt.atheism,3
1036,1,comp.graphics,2
1037,1,comp.graphics,2
1038,2,sci.space,1
1039,0,alt.atheism,3
1040,0,alt.atheism,3
1041,0,alt.atheism,3
1042,3,talk.religion.misc,3
1043,0,alt.atheism,3
1044,3,talk.religion.misc,3
1045,0,alt.atheism,3
1046,2,sci.space,1
1047,3,talk.religion.misc,3
1048,2,sci.space,1
1049,1,comp.graphics,2
1050,1,comp.graphics,2
1051,0,alt.atheism,3
1052,1,comp.graphics,2
1053,2,sci.space,1
1054,2,sci.space,1
1055,3,talk.religion.misc,3
1056,1,comp.graphics,2
1057,3,talk.religion.misc,3
1058,0,alt.atheism,3
1059,1,comp.graphics,2
1060,1,comp.graphics,2
1061,0,alt.atheism,0
1062,0,alt.atheism,3
1063,1,comp.graphics,3
1064,2,sci.space,1
1065,0,alt.atheism,3
1066,1,comp.graphics,3
1067,0,alt.atheism,0
1068,0,alt.atheism,3
1069,1,comp.graphics,2
1070,0,alt.atheism,3
1071,2,sci.space,3
1072,1,comp.graphics,2
1073,1,comp.graphics,2
1074,2,sci.space,1
1075,0,alt.atheism,3
1076,0,alt.atheism,1
1077,1,comp.graphics,2
1078,0,alt.atheism,3
1079,3,talk.religion.misc,3
1080,0,alt.atheism,3
1081,1,comp.graphics,2
1082,3,talk.religion.misc,0
1083,1,comp.graphics,2
1084,0,alt.atheism,3
1085,3,talk.religion.misc,3
1086,0,alt.atheism,3
1087,2,sci.space,3
1088,1,comp.graphics,3
1089,1,comp.graphics,2
1090,0,alt.atheism,3
1091,0,alt.atheism,3
1092,3,talk.religion.misc,0
1093,0,alt.atheism,3
1094,2,sci.space,1
1095,0,alt.atheism,3
1096,0,alt.atheism,3
1097,1,comp.graphics,3
1098,3,talk.religion.misc,0
1099,2,sci.space,3
1100,1,comp.graphics,3
1101,3,talk.religion.misc,0
1102,0,alt.atheism,3
1103,2,sci.space,1
1104,3,talk.religion.misc,3
1105,1,comp.graphics,2
1106,1,comp.graphics,2
1107,1,comp.graphics,2
1108,3,talk.religion.misc,3
1109,3,talk.religion.misc,3
1110,2,sci.space,1
1111,1,comp.graphics,2
1112,0,alt.atheism,3
1113,2,sci.space,1
1114,2,sci.space,3
1115,3,talk.religion.misc,0
1116,3,talk.religion.misc,0
1117,2,sci.space,1
1118,0,alt.atheism,3
1119,3,talk.religion.misc,3
1120,3,talk.religion.misc,3
1121,1,comp.graphics,2
1122,1,comp.graphics,2
1123,0,alt.atheism,3
1124,2,sci.space,1
1125,2,sci.space,3
1126,0,alt.atheism,0
1127,0,alt.atheism,3
1128,0,alt.atheism,3
1129,2,sci.space,3
1130,3,talk.religion.misc,3
1131,1,comp.graphics,2
1132,2,sci.space,2
1133,0,alt.atheism,3
1134,1,comp.graphics,2
1135,3,talk.religion.misc,3
1136,1,comp.graphics,2
1137,1,comp.graphics,3
1138,0,alt.atheism,0
1139,3,talk.religion.misc,0
1140,2,sci.space,3
1141,2,sci.space,1
1142,0,alt.atheism,3
1143,3,talk.religion.misc,0
1144,0,alt.atheism,3
1145,3,talk.religion.misc,3
1146,3,talk.religion.misc,3
1147,3,talk.religion.misc,3
1148,0,alt.atheism,3
1149,3,talk.religion.misc,3
1150,2,sci.space,1
1151,2,sci.space,3
1152,2,sci.space,3
1153,2,sci.space,1
1154,3,talk.religion.misc,3
1155,3,talk.religion.misc,3
1156,0,alt.atheism,3
1157,1,comp.graphics,3
1158,2,sci.space,3
1159,1,comp.graphics,2
1160,3,talk.religion.misc,3
1161,0,alt.atheism,3
1162,0,alt.atheism,3
1163,3,talk.religion.misc,0
1164,2,sci.space,1
1165,1,comp.graphics,3
1166,1,comp.graphics,2
1167,2,sci.space,2
1168,1,comp.graphics,2
1169,0,alt.atheism,3
1170,2,sci.space,3
1171,2,sci.space,1
1172,1,comp.graphics,2
1173,3,talk.religion.misc,2
1174,0,alt.atheism,3
1175,2,sci.space,3
1176,3,talk.religion.misc,3
1177,1,comp.graphics,2
1178,2,sci.space,1
1179,0,alt.atheism,3
1180,3,talk.religion.misc,3
1181,3,talk.religion.misc,3
1182,2,sci.space,3
1183,1,comp.graphics,3
1184,2,sci.space,1
1185,2,sci.space,3
1186,2,sci.space,1
1187,0,alt.atheism,0
1188,1,comp.graphics,2
1189,1,comp.graphics,2
1190,1,comp.graphics,2
1191,1,comp.graphics,2
1192,3,talk.religion.misc,3
1193,0,alt.atheism,3
1194,0,alt.atheism,3
1195,1,comp.graphics,2
1196,1,comp.graphics,2
1197,0,alt.atheism,3
1198,3,talk.religion.misc,0
1199,2,sci.space,3
1200,2,sci.space,2
1201,2,sci.space,1
1202,0,alt.atheism,3
1203,2,sci.space,1
1204,2,sci.space,1
1205,3,talk.religion.misc,3
1206,0,alt.atheism,3
1207,2,sci.space,1
1208,0,alt.atheism,3
1209,0,alt.atheism,3
1210,1,comp.graphics,2
1211,1,comp.graphics,2
1212,2,sci.space,2
1213,0,alt.atheism,0
1214,3,talk.religion.misc,3
1215,3,talk.religion.misc,0
1216,0,alt.atheism,3
1217,1,comp.graphics,2
1218,2,sci.space,1
1219,1,comp.graphics,2
1220,2,sci.space,2
1221,0,alt.atheism,3
1222,2,sci.space,1
1223,0,alt.atheism,3
1224,1,comp.graphics,2
1225,0,alt.atheism,0
1226,1,comp.graphics,3
1227,0,alt.atheism,0
1228,1,comp.graphics,2
1229,2,sci.space,3
1230,0,alt.atheism,3
1231,2,sci.space,1
1232,2,sci.space,3
1233,1,comp.graphics,2
1234,3,talk.religion.misc,3
1235,3,talk.religion.misc,3
1236,3,talk.religion.misc,3
1237,0,alt.atheism,3
1238,3,talk.religion.misc,3
1239,3,talk.religion.misc,3
1240,3,talk.religion.misc,3
1241,2,sci.space,1
1242,2,sci.space,1
1243,0,alt.atheism,3
1244,0,alt.atheism,3
1245,3,talk.religion.misc,3
1246,2,sci.space,1
1247,0,alt.atheism,3
1248,2,sci.space,2
1249,0,alt.atheism,3
1250,0,alt.atheism,3
1251,1,comp.graphics,2
1252,2,sci.space,3
1253,0,alt.atheism,3
1254,1,comp.graphics,2
1255,1,comp.graphics,2
1256,2,sci.space,1
1257,1,comp.graphics,2
1258,1,comp.graphics,3
1259,1,comp.graphics,2
1260,3,talk.religion.misc,3
1261,1,comp.graphics,2
1262,0,alt.atheism,3
1263,0,alt.atheism,3
1264,2,sci.space,3
1265,1,comp.graphics,2
1266,0,alt.atheism,0
1267,3,talk.religion.misc,3
1268,3,talk.religion.misc,0
1269,2,sci.space,1
1270,2,sci.space,1
1271,3,talk.religion.misc,0
1272,0,alt.atheism,3
1273,2,sci.space,3
1274,0,alt.atheism,3
1275,0,alt.atheism,3
1276,3,talk.religion.misc,0
1277,2,sci.space,3
1278,1,comp.graphics,3
1279,2,sci.space,3
1280,0,alt.atheism,3
1281,1,comp.graphics,2
1282,0,alt.atheism,3
1283,2,sci.space,1
1284,3,talk.religion.misc,0
1285,0,alt.atheism,3
1286,1,comp.graphics,2
1287,1,comp.graphics,1
1288,0,alt.atheism,3
1289,1,comp.graphics,2
1290,0,alt.atheism,2
1291,0,alt.atheism,3
1292,1,comp.graphics,3
1293,2,sci.space,1
1294,2,sci.space,1
1295,0,alt.atheism,3
1296,0,alt.atheism,3
1297,3,talk.religion.misc,3
1298,1,comp.graphics,3
1299,3,talk.religion.misc,2
1300,1,comp.graphics,2
1301,2,sci.space,1
1302,1,comp.graphics,2
1303,3,talk.religion.misc,3
1304,0,alt.atheism,3
1305,3,talk.religion.misc,3
1306,1,comp.graphics,3
1307,1,comp.graphics,2
1308,0,alt.atheism,3
1309,0,alt.atheism,3
1310,1,comp.graphics,2
1311,2,sci.space,1
1312,1,comp.graphics,2
1313,0,alt.atheism,3
1314,0,alt.atheism,0
1315,3,talk.religion.misc,0
1316,1,comp.graphics,2
1317,1,comp.graphics,2
1318,1,comp.graphics,3
1319,1,comp.graphics,2
1320,1,comp.graphics,2
1321,1,comp.graphics,2
1322,0,alt.atheism,3
1323,1,comp.graphics,2
1324,2,sci.space,1
1325,0,alt.atheism,3
1326,1,comp.graphics,2
1327,0,alt.atheism,3
1328,3,talk.religion.misc,3
1329,1,comp.graphics,2
1330,0,alt.atheism,3
1331,3,talk.religion.misc,3
1332,3,talk.religion.misc,3
1333,1,comp.graphics,2
1334,0,alt.atheism,3
1335,0,alt.atheism,3
1336,2,sci.space,1
1337,1,comp.graphics,3
1338,2,sci.space,3
1339,2,sci.space,3
1340,1,comp.graphics,2
1341,2,sci.space,3
1342,2,sci.space,1
1343,1,comp.graphics,2
1344,1,comp.graphics,2
1345,3,talk.religion.misc,3
1346,3,talk.religion.misc,0
1347,2,sci.space,1
1348,2,sci.space,1
1349,2,sci.space,3
1350,3,talk.religion.misc,0
1351,2,sci.space,1
1352,2,sci.space,3
1353,2,sci.space,3
1354,2,sci.space,3
1355,3,talk.religion.misc,3
1356,2,sci.space,1
1357,1,comp.graphics,2
1358,3,talk.religion.misc,3
1359,1,comp.graphics,2
1360,0,alt.atheism,3
1361,2,sci.space,1
1362,1,comp.graphics,2
1363,0,alt.atheism,3
1364,1,comp.graphics,2
1365,1,comp.graphics,2
1366,2,sci.space,1
1367,2,sci.space,3
1368,2,sci.space,1
1369,2,sci.space,1
1370,0,alt.atheism,3
1371,3,talk.religion.misc,0
1372,3,talk.religion.misc,3
1373,1,comp.graphics,2
1374,2,sci.space,3
1375,2,sci.space,3
1376,1,comp.graphics,2
1377,2,sci.space,1
1378,2,sci.space,3
1379,2,sci.space,3
1380,1,comp.graphics,2
1381,2,sci.space,3
1382,2,sci.space,3
1383,2,sci.space,1
1384,1,comp.graphics,2
1385,0,alt.atheism,3
1386,1,comp.graphics,2
1387,2,sci.space,1
1388,3,talk.religion.misc,3
1389,0,alt.atheism,3
1390,2,sci.space,3
1391,3,talk.religion.misc,0
1392,3,talk.religion.misc,0
1393,0,alt.atheism,3
1394,3,talk.religion.misc,3
1395,2,sci.space,1
1396,1,comp.graphics,2
1397,3,talk.religion.misc,3
1398,1,comp.graphics,2
1399,0,alt.atheism,3
1400,0,alt.atheism,3
1401,0,alt.atheism,3
1402,2,sci.space,1
1403,2,sci.space,3
1404,0,alt.atheism,3
1405,3,talk.religion.misc,3
1406,1,comp.graphics,2
1407,1,comp.graphics,2
1408,1,comp.graphics,2
1409,1,comp.graphics,2
1410,0,alt.atheism,3
1411,2,sci.space,1
1412,1,comp.graphics,2
1413,1,comp.graphics,2
1414,1,comp.graphics,2
1415,1,comp.graphics,2
1416,0,alt.atheism,3
1417,3,talk.religion.misc,0
1418,0,alt.atheism,3
1419,3,talk.religion.misc,3
1420,2,sci.space,3
1421,2,sci.space,3
1422,3,talk.religion.misc,0
1423,3,talk.religion.misc,3
1424,3,talk.religion.misc,3
1425,3,talk.religion.misc,0
1426,0,alt.atheism,3
1427,2,sci.space,3
1428,0,alt.atheism,3
1429,2,sci.space,1
1430,1,comp.graphics,2
1431,2,sci.space,3
1432,2,sci.space,1
1433,0,alt.atheism,0
1434,3,talk.religion.misc,3
1435,2,sci.space,1
1436,2,sci.space,3
1437,3,talk.religion.misc,3
1438,1,comp.graphics,3
1439,2,sci.space,1
1440,2,sci.space,1
1441,2,sci.space,2
1442,0,alt.atheism,3
1443,3,talk.religion.misc,3
1444,2,sci.space,3
1445,1,comp.graphics,2
1446,1,comp.graphics,2
1447,1,comp.graphics,2
1448,2,sci.space,1
1449,1,comp.graphics,2
1450,2,sci.space,1
1451,3,talk.religion.misc,3
1452,1,comp.graphics,3
1453,1,comp.graphics,2
1454,2,sci.space,1
1455,1,comp.graphics,2
1456,0,alt.atheism,3
1457,2,sci.space,3
1458,1,comp.graphics,2
1459,1,comp.graphics,2
1460,2,sci.space,1
1461,1,comp.graphics,2
1462,3,talk.religion.misc,3
1463,3,talk.religion.misc,2
1464,1,comp.graphics,3
1465,0,alt.atheism,3
1466,2,sci.space,3
1467,0,alt.atheism,3
1468,3,talk.religion.misc,3
1469,0,alt.atheism,3
1470,1,comp.graphics,2
1471,3,talk.religion.misc,3
1472,2,sci.space,3
1473,1,comp.graphics,2
1474,0,alt.atheism,3
1475,3,talk.religion.misc,3
1476,1,comp.graphics,2
1477,1,comp.graphics,2
1478,1,comp.graphics,2
1479,3,talk.religion.misc,3
1480,1,comp.graphics,2
1481,1,comp.graphics,2
1482,2,sci.space,1
1483,1,comp.graphics,2
1484,0,alt.atheism,0
1485,3,talk.religion.misc,3
1486,1,comp.graphics,2
1487,2,sci.space,1
1488,1,comp.graphics,2
1489,1,comp.graphics,2
1490,1,comp.graphics,2
1491,2,sci.space,1
1492,0,alt.atheism,0
1493,1,comp.graphics,2
1494,1,comp.graphics,3
1495,2,sci.space,3
1496,0,alt.atheism,3
1497,0,alt.atheism,0
1498,1,comp.graphics,2
1499,2,sci.space,1
1500,0,alt.atheism,0
1501,0,alt.atheism,3
1502,1,comp.graphics,2
1503,2,sci.space,3
1504,2,sci.space,1
1505,2,sci.space,1
1506,1,comp.graphics,2
1507,3,talk.religion.misc,3
1508,1,comp.graphics,2
1509,3,talk.religion.misc,0
1510,3,talk.religion.misc,3
1511,2,sci.space,1
1512,1,comp.graphics,2
1513,1,comp.graphics,1
1514,1,comp.graphics,2
1515,2,sci.space,1
1516,1,comp.graphics,2
1517,1,comp.graphics,2
1518,1,comp.graphics,2
1519,3,talk.religion.misc,0
1520,1,comp.graphics,1
1521,2,sci.space,2
1522,3,talk.religion.misc,3
1523,3,talk.religion.misc,3
1524,2,sci.space,1
1525,1,comp.graphics,2
1526,0,alt.atheism,3
1527,1,comp.graphics,2
1528,1,comp.graphics,1
1529,0,alt.atheism,3
1530,2,sci.space,1
1531,2,sci.space,1
1532,1,comp.graphics,3
1533,2,sci.space,1
1534,0,alt.atheism,3
1535,2,sci.space,3
1536,2,sci.space,3
1537,2,sci.space,1
1538,1,comp.graphics,2
1539,0,alt.atheism,3
1540,2,sci.space,1
1541,1,comp.graphics,3
1542,0,alt.atheism,0
1543,1,comp.graphics,2
1544,1,comp.graphics,2
1545,3,talk.religion.misc,3
1546,1,comp.graphics,2
1547,1,comp.graphics,2
1548,1,comp.graphics,2
1549,1,comp.graphics,2
1550,3,talk.religion.misc,3
1551,0,alt.atheism,0
1552,2,sci.space,1
1553,2,sci.space,1
1554,1,comp.graphics,3
1555,3,talk.religion.misc,3
1556,3,talk.religion.misc,3
1557,2,sci.space,2
1558,3,talk.religion.misc,3
1559,1,comp.graphics,2
1560,3,talk.religion.misc,3
1561,1,comp.graphics,3
1562,3,talk.religion.misc,3
1563,2,sci.space,1
1564,1,comp.graphics,1
1565,1,comp.graphics,3
1566,3,talk.religion.misc,3
1567,2,sci.space,2
1568,2,sci.space,1
1569,2,sci.space,3
1570,1,comp.graphics,2
1571,0,alt.atheism,3
1572,2,sci.space,1
1573,1,comp.graphics,3
1574,3,talk.religion.misc,3
1575,1,comp.graphics,2
1576,0,alt.atheism,3
1577,2,sci.space,1
1578,0,alt.atheism,0
1579,2,sci.space,1
1580,3,talk.religion.misc,3
1581,2,sci.space,1
1582,0,alt.atheism,3
1583,1,comp.graphics,2
1584,3,talk.religion.misc,3
1585,2,sci.space,3
1586,3,talk.religion.misc,3
1587,2,sci.space,1
1588,2,sci.space,1
1589,1,comp.graphics,2
1590,2,sci.space,1
1591,1,comp.graphics,2
1592,1,comp.graphics,2
1593,1,comp.graphics,2
1594,1,comp.graphics,2
1595,3,talk.religion.misc,3
1596,2,sci.space,3
1597,1,comp.graphics,2
1598,2,sci.space,3
1599,0,alt.atheism,3
1600,0,alt.atheism,3
1601,1,comp.graphics,2
1602,2,sci.space,1
1603,0,alt.atheism,3
1604,2,sci.space,1
1605,2,sci.space,3
1606,1,comp.graphics,2
1607,2,sci.space,1
1608,0,alt.atheism,2
1609,2,sci.space,1
1610,3,talk.religion.misc,3
1611,2,sci.space,1
1612,1,comp.graphics,3
1613,3,talk.religion.misc,3
1614,3,talk.religion.misc,0
1615,3,talk.religion.misc,2
1616,3,talk.religion.misc,3
1617,3,talk.religion.misc,3
1618,1,comp.graphics,3
1619,0,alt.atheism,3
1620,3,talk.religion.misc,3
1621,3,talk.religion.misc,0
1622,1,comp.graphics,2
1623,0,alt.atheism,3
1624,2,sci.space,1
1625,2,sci.space,3
1626,2,sci.space,1
1627,3,talk.religion.misc,0
1628,1,comp.graphics,2
1629,1,comp.graphics,3
1630,3,talk.religion.misc,0
1631,0,alt.atheism,3
1632,2,sci.space,1
1633,0,alt.atheism,3
1634,0,alt.atheism,3
1635,1,comp.graphics,2
1636,2,sci.space,1
1637,2,sci.space,1
1638,3,talk.religion.misc,3
1639,2,sci.space,1
1640,1,comp.graphics,3
1641,0,alt.atheism,0
1642,3,talk.religion.misc,3
1643,1,comp.graphics,2
1644,0,alt.atheism,0
1645,2,sci.space,1
1646,2,sci.space,2
1647,3,talk.religion.misc,3
1648,0,alt.atheism,3
1649,3,talk.religion.misc,3
1650,2,sci.space,1
1651,3,talk.religion.misc,3
1652,1,comp.graphics,2
1653,1,comp.graphics,2
1654,1,comp.graphics,3
1655,1,comp.graphics,2
1656,1,comp.graphics,2
1657,1,comp.graphics,2
1658,1,comp.graphics,2
1659,2,sci.space,1
1660,0,alt.atheism,3
1661,0,alt.atheism,3
1662,3,talk.religion.misc,3
1663,2,sci.space,3
1664,3,talk.religion.misc,3
1665,2,sci.space,1
1666,3,talk.religion.misc,3
1667,2,sci.space,3
1668,2,sci.space,1
1669,0,alt.atheism,3
1670,2,sci.space,3
1671,0,alt.atheism,3
1672,0,alt.atheism,3
1673,2,sci.space,1
1674,3,talk.religion.misc,3
1675,2,sci.space,1
1676,3,talk.religion.misc,3
1677,1,comp.graphics,2
1678,1,comp.graphics,2
1679,1,comp.graphics,3
1680,1,comp.graphics,2
1681,3,talk.religion.misc,0
1682,2,sci.space,1
1683,1,comp.graphics,2
1684,1,comp.graphics,2
1685,0,alt.atheism,3
1686,0,alt.atheism,3
1687,3,talk.religion.misc,0
1688,3,talk.religion.misc,0
1689,2,sci.space,1
1690,2,sci.space,1
1691,1,comp.graphics,2
1692,1,comp.graphics,3
1693,0,alt.atheism,3
1694,2,sci.space,1
1695,1,comp.graphics,2
1696,2,sci.space,1
1697,0,alt.atheism,0
1698,3,talk.religion.misc,3
1699,1,comp.graphics,2
1700,0,alt.atheism,3
1701,2,sci.space,1
1702,2,sci.space,3
1703,1,comp.graphics,2
1704,0,alt.atheism,3
1705,1,comp.graphics,2
1706,3,talk.religion.misc,3
1707,1,comp.graphics,2
1708,1,comp.graphics,2
1709,2,sci.space,3
1710,2,sci.space,1
1711,1,comp.graphics,2
1712,1,comp.graphics,2
1713,1,comp.graphics,2
1714,0,alt.atheism,3
1715,2,sci.space,1
1716,1,comp.graphics,2
1717,1,comp.graphics,2
1718,3,talk.religion.misc,3
1719,3,talk.religion.misc,3
1720,3,talk.religion.misc,3
1721,0,alt.atheism,3
1722,2,sci.space,3
1723,0,alt.atheism,0
1724,3,talk.religion.misc,3
1725,0,alt.atheism,3
1726,1,comp.graphics,3
1727,3,talk.religion.misc,3
1728,2,sci.space,2
1729,1,comp.graphics,2
1730,2,sci.space,3
1731,3,talk.religion.misc,3
1732,2,sci.space,1
1733,1,comp.graphics,2
1734,2,sci.space,3
1735,0,alt.atheism,3
1736,2,sci.space,3
1737,0,alt.atheism,3
1738,3,talk.religion.misc,3
1739,2,sci.space,3
1740,0,alt.atheism,3
1741,1,comp.graphics,3
1742,3,talk.religion.misc,3
1743,2,sci.space,1
1744,3,talk.religion.misc,0
1745,0,alt.atheism,3
1746,2,sci.space,2
1747,0,alt.atheism,0
1748,0,alt.atheism,3
1749,0,alt.atheism,0
1750,2,sci.space,1
1751,2,sci.space,1
1752,2,sci.space,1
1753,1,comp.graphics,2
1754,3,talk.religion.misc,0
1755,1,comp.graphics,2
1756,2,sci.space,1
1757,3,talk.religion.misc,3
1758,1,comp.graphics,2
1759,2,sci.space,3
1760,1,comp.graphics,3
1761,0,alt.atheism,3
1762,3,talk.religion.misc,3
1763,2,sci.space,1
1764,1,comp.graphics,2
1765,2,sci.space,3
1766,2,sci.space,3
1767,2,sci.space,3
1768,3,talk.religion.misc,3
1769,2,sci.space,1
1770,3,talk.religion.misc,3
1771,1,comp.graphics,2
1772,3,talk.religion.misc,3
1773,1,comp.graphics,2
1774,1,comp.graphics,2
1775,0,alt.atheism,0
1776,1,comp.graphics,2
1777,0,alt.atheism,3
1778,2,sci.space,3
1779,2,sci.space,1
1780,2,sci.space,1
1781,1,comp.graphics,2
1782,2,sci.space,3
1783,1,comp.graphics,2
1784,0,alt.atheism,3
1785,3,talk.religion.misc,3
1786,1,comp.graphics,3
1787,3,talk.religion.misc,0
1788,1,comp.graphics,2
1789,2,sci.space,3
1790,2,sci.space,3
1791,1,comp.graphics,3
1792,0,alt.atheism,3
1793,1,comp.graphics,2
1794,1,comp.graphics,2
1795,1,comp.graphics,2
1796,1,comp.graphics,3
1797,3,talk.religion.misc,3
1798,0,alt.atheism,3
1799,0,alt.atheism,3
1800,2,sci.space,1
1801,1,comp.graphics,2
1802,2,sci.space,3
1803,0,alt.atheism,0
1804,1,comp.graphics,2
1805,3,talk.religion.misc,3
1806,0,alt.atheism,3
1807,2,sci.space,1
1808,3,talk.religion.misc,0
1809,1,comp.graphics,2
1810,0,alt.atheism,3
1811,2,sci.space,1
1812,1,comp.graphics,2
1813,1,comp.graphics,2
1814,0,alt.atheism,3
1815,1,comp.graphics,3
1816,2,sci.space,1
1817,2,sci.space,1
1818,0,alt.atheism,0
1819,1,comp.graphics,2
1820,1,comp.graphics,3
1821,0,alt.atheism,3
1822,2,sci.space,2
1823,3,talk.religion.misc,0
1824,3,talk.religion.misc,3
1825,0,alt.atheism,0
1826,1,comp.graphics,2
1827,0,alt.atheism,2
1828,2,sci.space,1
1829,0,alt.atheism,3
1830,2,sci.space,1
1831,2,sci.space,1
1832,0,alt.atheism,3
1833,2,sci.space,1
1834,0,alt.atheism,3
1835,0,alt.atheism,3
1836,0,alt.atheism,3
1837,0,alt.atheism,3
1838,0,alt.atheism,3
1839,0,alt.atheism,3
1840,0,alt.atheism,3
1841,2,sci.space,3
1842,0,alt.atheism,3
1843,3,talk.religion.misc,0
1844,0,alt.atheism,0
1845,1,comp.graphics,2
1846,2,sci.space,1
1847,0,alt.atheism,3
1848,2,sci.space,3
1849,2,sci.space,1
1850,2,sci.space,1
1851,0,alt.atheism,3
1852,3,talk.religion.misc,3
1853,1,comp.graphics,2
1854,1,comp.graphics,2
1855,3,talk.religion.misc,3
1856,2,sci.space,1
1857,1,comp.graphics,3
1858,2,sci.space,1
1859,0,alt.atheism,3
1860,0,alt.atheism,3
1861,1,comp.graphics,2
1862,1,comp.graphics,2
1863,1,comp.graphics,2
1864,1,comp.graphics,2
1865,0,alt.atheism,3
1866,2,sci.space,3
1867,2,sci.space,3
1868,2,sci.space,3
1869,0,alt.atheism,0
1870,0,alt.atheism,3
1871,0,alt.atheism,3
1872,3,talk.religion.misc,3
1873,3,talk.religion.misc,0
1874,1,comp.graphics,3
1875,0,alt.atheism,3
1876,1,comp.graphics,2
1877,1,comp.graphics,2
1878,1,comp.graphics,2
1879,2,sci.space,1
1880,0,alt.atheism,3
1881,0,alt.atheism,3
1882,2,sci.space,1
1883,0,alt.atheism,0
1884,0,alt.atheism,3
1885,1,comp.graphics,2
1886,1,comp.graphics,2
1887,2,sci.space,3
1888,0,alt.atheism,3
1889,2,sci.space,2
1890,3,talk.religion.misc,3
1891,3,talk.religion.misc,3
1892,2,sci.space,3
1893,0,alt.atheism,3
1894,2,sci.space,1
1895,2,sci.space,2
1896,0,alt.atheism,0
1897,2,sci.space,1
1898,1,comp.graphics,2
1899,2,sci.space,1
1900,2,sci.space,1
1901,1,comp.graphics,2
1902,1,comp.graphics,2
1903,2,sci.space,1
1904,2,sci.space,1
1905,3,talk.religion.misc,3
1906,1,comp.graphics,2
1907,3,talk.religion.misc,3
1908,2,sci.space,1
1909,2,sci.space,2
1910,1,comp.graphics,2
1911,2,sci.space,1
1912,2,sci.space,3
1913,0,alt.atheism,1
1914,0,alt.atheism,0
1915,3,talk.religion.misc,3
1916,2,sci.space,1
1917,2,sci.space,1
1918,1,comp.graphics,2
1919,2,sci.space,3
1920,2,sci.space,1
1921,3,talk.religion.misc,3
1922,1,comp.graphics,2
1923,2,sci.space,3
1924,3,talk.religion.misc,3
1925,2,sci.space,3
1926,0,alt.atheism,3
1927,0,alt.atheism,3
1928,2,sci.space,1
1929,1,comp.graphics,2
1930,2,sci.space,1
1931,1,comp.graphics,2
1932,3,talk.religion.misc,0
1933,1,comp.graphics,2
1934,1,comp.graphics,2
1935,0,alt.atheism,3
1936,2,sci.space,1
1937,1,comp.graphics,2
1938,1,comp.graphics,2
1939,1,comp.graphics,2
1940,3,talk.religion.misc,3
1941,2,sci.space,2
1942,0,alt.atheism,3
1943,0,alt.atheism,0
1944,1,comp.graphics,2
1945,1,comp.graphics,3
1946,2,sci.space,3
1947,1,comp.graphics,2
1948,3,talk.religion.misc,3
1949,1,comp.graphics,3
1950,0,alt.atheism,0
1951,2,sci.space,2
1952,2,sci.space,3
1953,1,comp.graphics,2
1954,0,alt.atheism,0
1955,2,sci.space,3
1956,1,comp.graphics,2
1957,1,comp.graphics,2
1958,0,alt.atheism,3
1959,0,alt.atheism,1
1960,1,comp.graphics,2
1961,3,talk.religion.misc,3
1962,2,sci.space,1
1963,0,alt.atheism,2
1964,2,sci.space,1
1965,0,alt.atheism,3
1966,1,comp.graphics,3
1967,1,comp.graphics,2
1968,2,sci.space,1
1969,1,comp.graphics,2
1970,0,alt.atheism,3
1971,3,talk.religion.misc,0
1972,1,comp.graphics,2
1973,2,sci.space,3
1974,1,comp.graphics,2
1975,3,talk.religion.misc,3
1976,2,sci.space,3
1977,1,comp.graphics,2
1978,3,talk.religion.misc,0
1979,3,talk.religion.misc,3
1980,1,comp.graphics,2
1981,1,comp.graphics,2
1982,2,sci.space,3
1983,3,talk.religion.misc,3
1984,2,sci.space,1
1985,2,sci.space,1
1986,2,sci.space,3
1987,1,comp.graphics,3
1988,0,alt.atheism,3
1989,0,alt.atheism,3
1990,2,sci.space,2
1991,1,comp.graphics,2
1992,3,talk.religion.misc,0
1993,3,talk.religion.misc,3
1994,1,comp.graphics,2
1995,3,talk.religion.misc,3
1996,3,talk.religion.misc,0
1997,1,comp.graphics,2
1998,1,comp.graphics,2
1999,0,alt.atheism,3
2000,1,comp.graphics,2
2001,2,sci.space,1
2002,2,sci.space,3
2003,2,sci.space,2
2004,1,comp.graphics,2
2005,1,comp.graphics,2
2006,0,alt.atheism,0
2007,0,alt.atheism,3
2008,2,sci.space,1
2009,1,comp.graphics,3
2010,1,comp.graphics,2
2011,2,sci.space,3
2012,1,comp.graphics,2
2013,1,comp.graphics,2
2014,2,sci.space,3
2015,1,comp.graphics,2
2016,2,sci.space,1
2017,2,sci.space,3
2018,2,sci.space,1
2019,1,comp.graphics,2
2020,1,comp.graphics,2
2021,3,talk.religion.misc,0
2022,3,talk.religion.misc,0
2023,2,sci.space,1
2024,2,sci.space,2
2025,2,sci.space,3
2026,1,comp.graphics,2
2027,3,talk.religion.misc,0
2028,3,talk.religion.misc,3
2029,1,comp.graphics,1
2030,1,comp.graphics,2
2031,3,talk.religion.misc,3
2032,2,sci.space,1
2033,2,sci.space,1
2034,3,talk.religion.misc,3
2035,1,comp.graphics,2
2036,2,sci.space,3
2037,2,sci.space,3
2038,1,comp.graphics,2
2039,1,comp.graphics,3
2040,2,sci.space,1
2041,0,alt.atheism,3
2042,0,alt.atheism,0
2043,1,comp.graphics,2
2044,3,talk.religion.misc,3
2045,3,talk.religion.misc,3
2046,2,sci.space,1
2047,3,talk.religion.misc,3
2048,0,alt.atheism,3
2049,0,alt.atheism,3
2050,1,comp.graphics,2
2051,0,alt.atheism,0
2052,2,sci.space,3
2053,1,comp.graphics,2
2054,3,talk.religion.misc,3
2055,2,sci.space,3
2056,1,comp.graphics,2
2057,0,alt.atheism,3
2058,0,alt.atheism,3
2059,1,comp.graphics,2
2060,2,sci.space,3
2061,3,talk.religion.misc,2
2062,2,sci.space,1
2063,1,comp.graphics,2
2064,3,talk.religion.misc,3
2065,0,alt.atheism,3
2066,1,comp.graphics,3
2067,0,alt.atheism,3
2068,1,comp.graphics,2
2069,0,alt.atheism,3
2070,2,sci.space,1
2071,0,alt.atheism,3
2072,0,alt.atheism,3
2073,0,alt.atheism,3
2074,0,alt.atheism,3
2075,1,comp.graphics,2
2076,2,sci.space,3
2077,0,alt.atheism,3
2078,3,talk.religion.misc,3
2079,2,sci.space,3
2080,1,comp.graphics,2
2081,1,comp.graphics,2
2082,1,comp.graphics,2
2083,0,alt.atheism,0
2084,3,talk.religion.misc,0
2085,2,sci.space,1
2086,2,sci.space,2
2087,1,comp.graphics,2
2088,1,comp.graphics,3
2089,1,comp.graphics,2
2090,2,sci.space,1
2091,2,sci.space,1
2092,0,alt.atheism,3
2093,0,alt.atheism,3
2094,2,sci.space,3
2095,2,sci.space,3
2096,0,alt.atheism,3
2097,2,sci.space,1
2098,3,talk.religion.misc,3
2099,3,talk.religion.misc,0
2100,3,talk.religion.misc,3
2101,0,alt.atheism,3
2102,3,talk.religion.misc,3
2103,0,alt.atheism,3
2104,0,alt.atheism,2
2105,1,comp.graphics,2
2106,1,comp.graphics,2
2107,0,alt.atheism,3
2108,1,comp.graphics,2
2109,3,talk.religion.misc,3
2110,2,sci.space,3
2111,2,sci.space,3
2112,3,talk.religion.misc,3
2113,1,comp.graphics,2
2114,0,alt.atheism,0
2115,1,comp.graphics,2
2116,1,comp.graphics,3
2117,0,alt.atheism,2
2118,2,sci.space,3
2119,2,sci.space,1
2120,2,sci.space,3
2121,1,comp.graphics,3
2122,3,talk.religion.misc,3
2123,1,comp.graphics,2
2124,2,sci.space,1
2125,0,alt.atheism,0
2126,3,talk.religion.misc,3
2127,2,sci.space,2
2128,2,sci.space,1
2129,2,sci.space,3
2130,2,sci.space,1
2131,0,alt.atheism,3
2132,2,sci.space,1
2133,0,alt.atheism,3
2134,2,sci.space,3
2135,1,comp.graphics,2
2136,3,talk.religion.misc,3
2137,0,alt.atheism,3
2138,2,sci.space,3
2139,3,talk.religion.misc,0
2140,1,comp.graphics,2
2141,0,alt.atheism,3
2142,1,comp.graphics,3
2143,1,comp.graphics,2
2144,1,comp.graphics,2
2145,1,comp.graphics,2
2146,1,comp.graphics,2
2147,1,comp.graphics,2
2148,1,comp.graphics,2
2149,2,sci.space,1
2150,1,comp.graphics,2
2151,0,alt.atheism,3
2152,1,comp.graphics,2
2153,0,alt.atheism,3
2154,2,sci.space,3
2155,1,comp.graphics,2
2156,0,alt.atheism,0
2157,1,comp.graphics,2
2158,1,comp.graphics,2
2159,1,comp.graphics,2
2160,3,talk.religion.misc,3
2161,1,comp.graphics,2
2162,1,comp.graphics,2
2163,1,comp.graphics,2
2164,3,talk.religion.misc,3
2165,1,comp.graphics,2
2166,0,alt.atheism,3
2167,1,comp.graphics,2
2168,0,alt.atheism,3
2169,2,sci.space,1
2170,1,comp.graphics,2
2171,0,alt.atheism,0
2172,0,alt.atheism,3
2173,2,sci.space,2
2174,1,comp.graphics,3
2175,0,alt.atheism,3
2176,2,sci.space,2
2177,1,comp.graphics,2
2178,3,talk.religion.misc,3
2179,1,comp.graphics,2
2180,1,comp.graphics,2
2181,1,comp.graphics,2
2182,0,alt.atheism,3
2183,1,comp.graphics,2
2184,1,comp.graphics,2
2185,2,sci.space,1
2186,0,alt.atheism,3
2187,3,talk.religion.misc,3
2188,2,sci.space,1
2189,3,talk.religion.misc,3
2190,0,alt.atheism,3
2191,1,comp.graphics,2
2192,3,talk.religion.misc,0
2193,2,sci.space,1
2194,2,sci.space,1
2195,0,alt.atheism,3
2196,0,alt.atheism,3
2197,0,alt.atheism,3
2198,0,alt.atheism,3
2199,0,alt.atheism,0
2200,2,sci.space,2
2201,0,alt.atheism,3
2202,2,sci.space,3
2203,2,sci.space,1
2204,1,comp.graphics,2
2205,3,talk.religion.misc,0
2206,0,alt.atheism,3
2207,1,comp.graphics,2
2208,1,comp.graphics,2
2209,1,comp.graphics,2
2210,2,sci.space,1
2211,0,alt.atheism,3
2212,2,sci.space,3
2213,1,comp.graphics,2
2214,0,alt.atheism,3
2215,1,comp.graphics,2
2216,3,talk.religion.misc,0
2217,2,sci.space,1
2218,3,talk.religion.misc,3
2219,0,alt.atheism,3
2220,3,talk.religion.misc,3
2221,1,comp.graphics,2
2222,1,comp.graphics,2
2223,0,alt.atheism,3
2224,0,alt.atheism,3
2225,1,comp.graphics,2
2226,2,sci.space,2
2227,0,alt.atheism,0
2228,0,alt.atheism,1
2229,3,talk.religion.misc,0
2230,3,talk.religion.misc,3
2231,3,talk.religion.misc,3
2232,1,comp.graphics,2
2233,3,talk.religion.misc,3
2234,3,talk.religion.misc,3
2235,1,comp.graphics,2
2236,3,talk.religion.misc,3
2237,1,comp.graphics,2
2238,0,alt.atheism,3
2239,1,comp.graphics,2
2240,3,talk.religion.misc,3
2241,0,alt.atheism,0
2242,2,sci.space,3
2243,0,alt.atheism,3
2244,1,comp.graphics,2
2245,3,talk.religion.misc,3
2246,0,alt.atheism,3
2247,0,alt.atheism,3
2248,0,alt.atheism,3
2249,2,sci.space,3
2250,0,alt.atheism,3
2251,0,alt.atheism,3
2252,1,comp.graphics,2
2253,0,alt.atheism,0
2254,2,sci.space,1
2255,0,alt.atheism,3
2256,3,talk.religion.misc,3
2257,3,talk.religion.misc,3
2258,2,sci.space,3
2259,1,comp.graphics,2
2260,1,comp.graphics,2
2261,1,comp.graphics,2
2262,3,talk.religion.misc,3
2263,2,sci.space,1
2264,0,alt.atheism,3
2265,0,alt.atheism,0
2266,0,alt.atheism,3
2267,2,sci.space,1
2268,0,alt.atheism,0
2269,1,comp.graphics,2
2270,3,talk.religion.misc,0
2271,0,alt.atheism,0
2272,0,alt.atheism,3
2273,3,talk.religion.misc,0
2274,3,talk.religion.misc,0
2275,3,talk.religion.misc,3
2276,0,alt.atheism,3
2277,0,alt.atheism,3
2278,2,sci.space,3
2279,2,sci.space,3
2280,2,sci.space,3
2281,0,alt.atheism,3
2282,1,comp.graphics,2
2283,0,alt.atheism,3
2284,0,alt.atheism,3
2285,2,sci.space,3
2286,1,comp.graphics,2
2287,3,talk.religion.misc,3
2288,0,alt.atheism,3
2289,1,comp.graphics,3
2290,2,sci.space,1
2291,3,talk.religion.misc,3
2292,0,alt.atheism,3
2293,1,comp.graphics,3
2294,2,sci.space,3
2295,3,talk.religion.misc,3
2296,1,comp.graphics,3
2297,2,sci.space,1
2298,1,comp.graphics,2
2299,2,sci.space,1
2300,0,alt.atheism,3
2301,0,alt.atheism,3
2302,1,comp.graphics,2
2303,0,alt.atheism,3
2304,2,sci.space,3
2305,2,sci.space,3
2306,0,alt.atheism,3
2307,0,alt.atheism,3
2308,1,comp.graphics,2
2309,0,alt.atheism,3
2310,3,talk.religion.misc,3
2311,1,comp.graphics,2
2312,2,sci.space,1
2313,3,talk.religion.misc,3
2314,2,sci.space,1
2315,1,comp.graphics,2
2316,3,talk.religion.misc,3
2317,2,sci.space,1
2318,0,alt.atheism,3
2319,0,alt.atheism,3
2320,2,sci.space,1
2321,2,sci.space,3
2322,3,talk.religion.misc,3
2323,3,talk.religion.misc,2
2324,1,comp.graphics,2
2325,0,alt.atheism,3
2326,1,comp.graphics,3
2327,3,talk.religion.misc,3
2328,2,sci.space,1
2329,1,comp.graphics,2
2330,0,alt.atheism,0
2331,3,talk.religion.misc,3
2332,2,sci.space,3
2333,0,alt.atheism,3
2334,1,comp.graphics,2
2335,0,alt.atheism,3
2336,0,alt.atheism,0
2337,1,comp.graphics,2
2338,2,sci.space,3
2339,2,sci.space,3
2340,2,sci.space,3
2341,3,talk.religion.misc,0
2342,3,talk.religion.misc,3
2343,3,talk.religion.misc,3
2344,3,talk.religion.misc,0
2345,0,alt.atheism,0
2346,1,comp.graphics,2
2347,3,talk.religion.misc,3
2348,1,comp.graphics,2
2349,2,sci.space,1
2350,3,talk.religion.misc,3
2351,3,talk.religion.misc,0
2352,1,comp.graphics,2
2353,1,comp.graphics,3
2354,1,comp.graphics,2
2355,2,sci.space,1
2356,3,talk.religion.misc,3
2357,1,comp.graphics,2
2358,2,sci.space,1
2359,2,sci.space,3
2360,2,sci.space,1
2361,1,comp.graphics,2
2362,3,talk.religion.misc,3
2363,0,alt.atheism,3
2364,2,sci.space,3
2365,1,comp.graphics,3
2366,0,alt.atheism,3
2367,2,sci.space,2
2368,2,sci.space,1
2369,2,sci.space,3
2370,3,talk.religion.misc,3
2371,2,sci.space,3
2372,2,sci.space,3
2373,3,talk.religion.misc,3
2374,1,comp.graphics,3
2375,2,sci.space,1
2376,0,alt.atheism,3
2377,0,alt.atheism,3
2378,0,alt.atheism,3
2379,2,sci.space,1
2380,2,sci.space,3
2381,0,alt.atheism,3
2382,1,comp.graphics,2
2383,1,comp.graphics,2
2384,1,comp.graphics,2
2385,3,talk.religion.misc,3
2386,0,alt.atheism,3
2387,1,comp.graphics,2
2388,2,sci.space,1
2389,3,talk.religion.misc,3
2390,2,sci.space,3
2391,0,alt.atheism,3
2392,1,comp.graphics,3
2393,3,talk.religion.misc,3
2394,2,sci.space,2
2395,3,talk.religion.misc,3
2396,2,sci.space,3
2397,0,alt.atheism,3
2398,1,comp.graphics,2
2399,2,sci.space,3
2400,0,alt.atheism,3
2401,2,sci.space,3
2402,2,sci.space,1
2403,3,talk.religion.misc,3
2404,2,sci.space,1
2405,1,comp.graphics,2
2406,3,talk.religion.misc,3
2407,0,alt.atheism,0
2408,1,comp.graphics,2
2409,3,talk.religion.misc,3
2410,1,comp.graphics,2
2411,2,sci.space,1
2412,1,comp.graphics,2
2413,1,comp.graphics,3
2414,2,sci.space,3
2415,2,sci.space,3
2416,0,alt.atheism,3
2417,0,alt.atheism,3
2418,3,talk.religion.misc,3
2419,1,comp.graphics,2
2420,1,comp.graphics,3
2421,2,sci.space,2
2422,2,sci.space,1
2423,3,talk.religion.misc,3
2424,3,talk.religion.misc,3
2425,1,comp.graphics,2
2426,2,sci.space,2
2427,0,alt.atheism,3
2428,3,talk.religion.misc,0
2429,3,talk.religion.misc,0
2430,0,alt.atheism,3
2431,1,comp.graphics,2
2432,1,comp.graphics,3
2433,3,talk.religion.misc,3
2434,2,sci.space,3
2435,1,comp.graphics,2
2436,2,sci.space,1
2437,0,alt.atheism,3
2438,1,comp.graphics,2
2439,2,sci.space,1
2440,2,sci.space,2
2441,0,alt.atheism,3
2442,3,talk.religion.misc,0
2443,1,comp.graphics,2
2444,0,alt.atheism,3
2445,2,sci.space,3
2446,2,sci.space,3
2447,0,alt.atheism,3
2448,2,sci.space,3
2449,3,talk.religion.misc,3
2450,2,sci.space,1
2451,3,talk.religion.misc,3
2452,0,alt.atheism,3
2453,1,comp.graphics,2
2454,1,comp.graphics,2
2455,0,alt.atheism,3
2456,0,alt.atheism,3
2457,2,sci.space,2
2458,2,sci.space,1
2459,3,talk.religion.misc,3
2460,0,alt.atheism,3
2461,2,sci.space,3
2462,1,comp.graphics,2
2463,1,comp.graphics,3
2464,2,sci.space,3
2465,3,talk.religion.misc,0
2466,3,talk.religion.misc,3
2467,0,alt.atheism,0
2468,2,sci.space,3
2469,2,sci.space,1
2470,2,sci.space,3
2471,1,comp.graphics,2
2472,2,sci.space,1
2473,0,alt.atheism,3
2474,2,sci.space,1
2475,0,alt.atheism,3
2476,3,talk.religion.misc,3
2477,3,talk.religion.misc,0
2478,2,sci.space,1
2479,0,alt.atheism,3
2480,1,comp.graphics,2
2481,0,alt.atheism,2
2482,1,comp.graphics,2
2483,2,sci.space,1
2484,2,sci.space,2
2485,3,talk.religion.misc,0
2486,0,alt.atheism,3
2487,0,alt.atheism,3
2488,0,alt.atheism,3
2489,1,comp.graphics,2
2490,1,comp.graphics,2
2491,3,talk.religion.misc,3
2492,2,sci.space,1
2493,1,comp.graphics,2
2494,2,sci.space,1
2495,0,alt.atheism,3
2496,1,comp.graphics,2
2497,0,alt.atheism,3
2498,0,alt.atheism,3
2499,1,comp.graphics,2
2500,3,talk.religion.misc,3
2501,2,sci.space,3
2502,1,comp.graphics,3
2503,2,sci.space,3
2504,1,comp.graphics,3
2505,1,comp.graphics,3
2506,1,comp.graphics,2
2507,3,talk.religion.misc,3
2508,2,sci.space,1
2509,0,alt.atheism,3
2510,1,comp.graphics,2
2511,2,sci.space,1
2512,0,alt.atheism,3
2513,2,sci.space,1
2514,1,comp.graphics,2
2515,2,sci.space,3
2516,0,alt.atheism,0
2517,2,sci.space,1
2518,3,talk.religion.misc,3
2519,2,sci.space,1
2520,2,sci.space,3
2521,0,alt.atheism,3
2522,1,comp.graphics,1
2523,0,alt.atheism,3
2524,1,comp.graphics,2
2525,1,comp.graphics,2
2526,2,sci.space,1
2527,2,sci.space,1
2528,0,alt.atheism,3
2529,3,talk.religion.misc,3
2530,1,comp.graphics,2
2531,2,sci.space,1
2532,1,comp.graphics,2
2533,2,sci.space,1
2534,2,sci.space,1
2535,2,sci.space,1
2536,3,talk.religion.misc,0
2537,2,sci.space,1
2538,1,comp.graphics,2
2539,1,comp.graphics,2
2540,0,alt.atheism,3
2541,1,comp.graphics,2
2542,2,sci.space,1
2543,2,sci.space,3
2544,1,comp.graphics,2
2545,1,comp.graphics,2
2546,1,comp.graphics,2
2547,2,sci.space,2
2548,1,comp.graphics,2
2549,1,comp.graphics,3
2550,2,sci.space,2
2551,0,alt.atheism,3
2552,2,sci.space,1
2553,0,alt.atheism,3
2554,0,alt.atheism,3
2555,1,comp.graphics,2
2556,1,comp.graphics,2
2557,0,alt.atheism,3
2558,2,sci.space,3
2559,1,comp.graphics,2
2560,3,talk.religion.misc,3
2561,0,alt.atheism,3
2562,0,alt.atheism,3
2563,0,alt.atheism,3
2564,3,talk.religion.misc,3
2565,1,comp.graphics,2
2566,1,comp.graphics,2
2567,0,alt.atheism,3
2568,0,alt.atheism,3
2569,1,comp.graphics,2
2570,0,alt.atheism,3
2571,3,talk.religion.misc,3
2572,2,sci.space,1
2573,1,comp.graphics,2
2574,1,comp.graphics,2
2575,1,comp.graphics,3
2576,1,comp.graphics,2
2577,2,sci.space,3
2578,3,talk.religion.misc,3
2579,3,talk.religion.misc,0
2580,0,alt.atheism,3
2581,3,talk.religion.misc,0
2582,2,sci.space,1
2583,2,sci.space,3
2584,3,talk.religion.misc,3
2585,2,sci.space,3
2586,1,comp.graphics,2
2587,2,sci.space,3
2588,3,talk.religion.misc,3
2589,0,alt.atheism,3
2590,1,comp.graphics,2
2591,1,comp.graphics,2
2592,3,talk.religion.misc,3
2593,3,talk.religion.misc,3
2594,1,comp.graphics,2
2595,1,comp.graphics,2
2596,3,talk.religion.misc,0
2597,3,talk.religion.misc,1
2598,1,comp.graphics,2
2599,2,sci.space,1
2600,0,alt.atheism,3
2601,1,comp.graphics,3
2602,3,talk.religion.misc,3
2603,2,sci.space,3
2604,1,comp.graphics,2
2605,2,sci.space,3
2606,0,alt.atheism,0
2607,2,sci.space,1
2608,0,alt.atheism,3
2609,0,alt.atheism,3
2610,2,sci.space,1
2611,0,alt.atheism,3
2612,0,alt.atheism,3
2613,3,talk.religion.misc,3
2614,0,alt.atheism,3
2615,1,comp.graphics,2
2616,2,sci.space,3
2617,1,comp.graphics,2
2618,3,talk.religion.misc,3
2619,1,comp.graphics,2
2620,0,alt.atheism,3
2621,1,comp.graphics,2
2622,2,sci.space,1
2623,2,sci.space,1
2624,0,alt.atheism,0
2625,3,talk.religion.misc,3
2626,3,talk.religion.misc,3
2627,2,sci.space,3
2628,1,comp.graphics,2
2629,2,sci.space,1
2630,2,sci.space,1
2631,0,alt.atheism,3
2632,3,talk.religion.misc,3
2633,2,sci.space,3
2634,2,sci.space,3
2635,0,alt.atheism,3
2636,2,sci.space,1
2637,2,sci.space,3
2638,3,talk.religion.misc,3
2639,1,comp.graphics,2
2640,3,talk.religion.misc,0
2641,1,comp.graphics,2
2642,2,sci.space,1
2643,0,alt.atheism,3
2644,2,sci.space,1
2645,0,alt.atheism,3
2646,2,sci.space,3
2647,1,comp.graphics,2
2648,2,sci.space,3
2649,2,sci.space,1
2650,3,talk.religion.misc,0
2651,3,talk.religion.misc,3
2652,3,talk.religion.misc,0
2653,2,sci.space,2
2654,0,alt.atheism,0
2655,3,talk.religion.misc,3
2656,2,sci.space,1
2657,0,alt.atheism,3
2658,3,talk.religion.misc,3
2659,2,sci.space,1
2660,1,comp.graphics,2
2661,2,sci.space,1
2662,2,sci.space,1
2663,1,comp.graphics,2
2664,2,sci.space,1
2665,2,sci.space,2
2666,2,sci.space,1
2667,1,comp.graphics,2
2668,1,comp.graphics,2
2669,3,talk.religion.misc,0
2670,2,sci.space,1
2671,0,alt.atheism,3
2672,2,sci.space,3
2673,2,sci.space,1
2674,1,comp.graphics,2
2675,2,sci.space,1
2676,1,comp.graphics,2
2677,0,alt.atheism,0
2678,1,comp.graphics,2
2679,0,alt.atheism,3
2680,1,comp.graphics,2
2681,0,alt.atheism,3
2682,2,sci.space,3
2683,0,alt.atheism,0
2684,1,comp.graphics,2
2685,0,alt.atheism,0
2686,2,sci.space,3
2687,1,comp.graphics,2
2688,1,comp.graphics,2
2689,2,sci.space,1
2690,0,alt.atheism,3
2691,1,comp.graphics,3
2692,0,alt.atheism,0
2693,0,alt.atheism,3
2694,1,comp.graphics,3
2695,2,sci.space,1
2696,0,alt.atheism,3
2697,0,alt.atheism,0
2698,3,talk.religion.misc,3
2699,1,comp.graphics,2
2700,3,talk.religion.misc,0
2701,0,alt.atheism,3
2702,0,alt.atheism,2
2703,3,talk.religion.misc,0
2704,2,sci.space,1
2705,2,sci.space,1
2706,0,alt.atheism,3
2707,1,comp.graphics,2
2708,0,alt.atheism,3
2709,0,alt.atheism,0
2710,2,sci.space,1
2711,1,comp.graphics,2
2712,0,alt.atheism,3
2713,1,comp.graphics,2
2714,0,alt.atheism,3
2715,1,comp.graphics,2
2716,0,alt.atheism,0
2717,2,sci.space,3
2718,1,comp.graphics,2
2719,1,comp.graphics,2
2720,2,sci.space,3
2721,1,comp.graphics,1
2722,1,comp.graphics,2
2723,3,talk.religion.misc,3
2724,1,comp.graphics,2
2725,2,sci.space,1
2726,0,alt.atheism,3
2727,3,talk.religion.misc,3
2728,0,alt.atheism,3
2729,2,sci.space,1
2730,1,comp.graphics,3
2731,0,alt.atheism,0
2732,1,comp.graphics,2
2733,2,sci.space,1
2734,1,comp.graphics,2
2735,0,alt.atheism,3
2736,2,sci.space,1
2737,0,alt.atheism,3
2738,1,comp.graphics,2
2739,2,sci.space,1
2740,1,comp.graphics,2
2741,0,alt.atheism,3
2742,3,talk.religion.misc,3
2743,0,alt.atheism,3
2744,0,alt.atheism,3
2745,3,talk.religion.misc,0
2746,1,comp.graphics,2
2747,0,alt.atheism,3
2748,1,comp.graphics,2
2749,3,talk.religion.misc,3
2750,0,alt.atheism,3
2751,2,sci.space,2
2752,1,comp.graphics,2
2753,0,alt.atheism,0
2754,0,alt.atheism,0
2755,2,sci.space,3
2756,0,alt.atheism,3
2757,0,alt.atheism,3
2758,0,alt.atheism,3
2759,1,comp.graphics,2
2760,2,sci.space,3
2761,0,alt.atheism,3
2762,1,comp.graphics,2
2763,0,alt.atheism,3
2764,1,comp.graphics,2
2765,0,alt.atheism,3
2766,2,sci.space,1
2767,0,alt.atheism,3
2768,0,alt.atheism,3
2769,2,sci.space,3
2770,1,comp.graphics,2
2771,1,comp.graphics,2
2772,2,sci.space,3
2773,2,sci.space,1
2774,0,alt.atheism,0
2775,0,alt.atheism,3
2776,0,alt.atheism,3
2777,1,comp.graphics,2
2778,2,sci.space,3
2779,2,sci.space,1
2780,2,sci.space,1
2781,2,sci.space,1
2782,2,sci.space,1
2783,2,sci.space,1
2784,1,comp.graphics,3
2785,2,sci.space,2
2786,2,sci.space,1
2787,1,comp.graphics,2
2788,3,talk.religion.misc,3
2789,3,talk.religion.misc,3
2790,1,comp.graphics,2
2791,0,alt.atheism,3
2792,2,sci.space,3
2793,2,sci.space,3
2794,2,sci.space,1
2795,2,sci.space,3
2796,1,comp.graphics,2
2797,3,talk.religion.misc,3
2798,0,alt.atheism,0
2799,0,alt.atheism,0
2800,2,sci.space,1
2801,2,sci.space,3
2802,3,talk.religion.misc,0
2803,0,alt.atheism,3
2804,2,sci.space,1
2805,1,comp.graphics,2
2806,0,alt.atheism,0
2807,2,sci.space,3
2808,2,sci.space,1
2809,2,sci.space,3
2810,2,sci.space,3
2811,2,sci.space,1
2812,1,comp.graphics,2
2813,2,sci.space,3
2814,3,talk.religion.misc,3
2815,0,alt.atheism,3
2816,2,sci.space,3
2817,2,sci.space,1
2818,3,talk.religion.misc,3
2819,2,sci.space,1
2820,3,talk.religion.misc,3
2821,1,comp.graphics,2
2822,2,sci.space,1
2823,3,talk.religion.misc,3
2824,1,comp.graphics,2
2825,0,alt.atheism,3
2826,2,sci.space,3
2827,0,alt.atheism,3
2828,0,alt.atheism,3
2829,0,alt.atheism,3
2830,1,comp.graphics,2
2831,1,comp.graphics,3
2832,3,talk.religion.misc,3
2833,0,alt.atheism,3
2834,0,alt.atheism,3
2835,1,comp.graphics,2
2836,1,comp.graphics,2
2837,2,sci.space,1
2838,1,comp.graphics,2
2839,0,alt.atheism,3
2840,1,comp.graphics,2
2841,0,alt.atheism,3
2842,2,sci.space,1
2843,2,sci.space,3
2844,2,sci.space,3
2845,0,alt.atheism,3
2846,0,alt.atheism,0
2847,1,comp.graphics,2
2848,3,talk.religion.misc,3
2849,0,alt.atheism,3
2850,0,alt.atheism,3
2851,0,alt.atheism,3
2852,0,alt.atheism,0
2853,3,talk.religion.misc,3
2854,2,sci.space,1
2855,1,comp.graphics,2
2856,1,comp.graphics,2
2857,2,sci.space,2
2858,2,sci.space,1
2859,3,talk.religion.misc,3
2860,0,alt.atheism,3
2861,3,talk.religion.misc,3
2862,0,alt.atheism,3
2863,2,sci.space,1
2864,3,talk.religion.misc,3
2865,2,sci.space,3
2866,1,comp.graphics,2
2867,0,alt.atheism,3
2868,1,comp.graphics,2
2869,2,sci.space,3
2870,0,alt.atheism,3
2871,0,alt.atheism,2
2872,3,talk.religion.misc,3
2873,3,talk.religion.misc,3
2874,0,alt.atheism,3
2875,2,sci.space,1
2876,1,comp.graphics,2
2877,1,comp.graphics,2
2878,1,comp.graphics,2
2879,1,comp.graphics,3
2880,1,comp.graphics,2
2881,0,alt.atheism,3
2882,0,alt.atheism,0
2883,2,sci.space,1
2884,0,alt.atheism,3
2885,2,sci.space,1
2886,2,sci.space,3
2887,3,talk.religion.misc,3
2888,0,alt.atheism,0
2889,3,talk.religion.misc,3
2890,3,talk.religion.misc,3
2891,0,alt.atheism,3
2892,0,alt.atheism,3
2893,2,sci.space,2
2894,0,alt.atheism,3
2895,2,sci.space,1
2896,3,talk.religion.misc,3
2897,2,sci.space,1
2898,1,comp.graphics,2
2899,1,comp.graphics,2
2900,1,comp.graphics,2
2901,0,alt.atheism,3
2902,1,comp.graphics,2
2903,1,comp.graphics,3
2904,0,alt.atheism,3
2905,2,sci.space,3
2906,3,talk.religion.misc,3
2907,2,sci.space,3
2908,0,alt.atheism,0
2909,0,alt.atheism,3
2910,1,comp.graphics,2
2911,0,alt.atheism,3
2912,0,alt.atheism,3
2913,2,sci.space,2
2914,0,alt.atheism,3
2915,2,sci.space,3
2916,3,talk.religion.misc,3
2917,1,comp.graphics,2
2918,1,comp.graphics,2
2919,1,comp.graphics,2
2920,2,sci.space,3
2921,2,sci.space,1
2922,0,alt.atheism,3
2923,1,comp.graphics,2
2924,0,alt.atheism,3
2925,1,comp.graphics,2
2926,3,talk.religion.misc,3
2927,2,sci.space,1
2928,0,alt.atheism,3
2929,2,sci.space,1
2930,3,talk.religion.misc,0
2931,1,comp.graphics,2
2932,2,sci.space,3
2933,1,comp.graphics,2
2934,2,sci.space,1
2935,0,alt.atheism,3
2936,1,comp.graphics,2
2937,1,comp.graphics,2
2938,1,comp.graphics,3
2939,2,sci.space,1
2940,3,talk.religion.misc,3
2941,1,comp.graphics,2
2942,1,comp.graphics,2
2943,0,alt.atheism,3
2944,1,comp.graphics,2
2945,3,talk.religion.misc,0
2946,2,sci.space,2
2947,1,comp.graphics,2
2948,3,talk.religion.misc,3
2949,2,sci.space,3
2950,1,comp.graphics,2
2951,0,alt.atheism,3
2952,1,comp.graphics,2
2953,2,sci.space,3
2954,0,alt.atheism,3
2955,1,comp.graphics,2
2956,0,alt.atheism,3
2957,2,sci.space,1
2958,0,alt.atheism,3
2959,3,talk.religion.misc,3
2960,0,alt.atheism,3
2961,1,comp.graphics,2
2962,1,comp.graphics,2
2963,0,alt.atheism,3
2964,1,comp.graphics,2
2965,2,sci.space,2
2966,0,alt.atheism,3
2967,1,comp.graphics,2
2968,0,alt.atheism,0
2969,2,sci.space,1
2970,0,alt.atheism,3
2971,3,talk.religion.misc,3
2972,3,talk.religion.misc,3
2973,2,sci.space,1
2974,2,sci.space,3
2975,2,sci.space,1
2976,1,comp.graphics,2
2977,1,comp.graphics,2
2978,2,sci.space,3
2979,0,alt.atheism,3
2980,0,alt.atheism,0
2981,2,sci.space,1
2982,3,talk.religion.misc,3
2983,1,comp.graphics,3
2984,2,sci.space,1
2985,1,comp.graphics,2
2986,1,comp.graphics,3
2987,0,alt.atheism,3
2988,0,alt.atheism,3
2989,2,sci.space,1
2990,2,sci.space,1
2991,1,comp.graphics,2
2992,3,talk.religion.misc,3
2993,3,talk.religion.misc,3
2994,1,comp.graphics,2
2995,3,talk.religion.misc,0
2996,2,sci.space,3
2997,3,talk.religion.misc,0
2998,3,talk.religion.misc,3
2999,1,comp.graphics,2
3000,1,comp.graphics,2
3001,0,alt.atheism,3
3002,1,comp.graphics,2
3003,3,talk.religion.misc,3
3004,1,comp.graphics,2
3005,2,sci.space,3
3006,0,alt.atheism,3
3007,3,talk.religion.misc,3
3008,2,sci.space,3
3009,3,talk.religion.misc,3
3010,1,comp.graphics,2
3011,0,alt.atheism,3
3012,1,comp.graphics,2
3013,3,talk.religion.misc,3
3014,2,sci.space,1
3015,2,sci.space,1
3016,1,comp.graphics,3
3017,3,talk.religion.misc,3
3018,3,talk.religion.misc,3
3019,1,comp.graphics,2
3020,1,comp.graphics,2
3021,1,comp.graphics,2
3022,1,comp.graphics,3
3023,3,talk.religion.misc,3
3024,2,sci.space,2
3025,0,alt.atheism,3
3026,2,sci.space,1
3027,0,alt.atheism,3
3028,1,comp.graphics,2
3029,0,alt.atheism,3
3030,0,alt.atheism,0
3031,1,comp.graphics,2
3032,1,comp.graphics,2
3033,3,talk.religion.misc,1
3034,1,comp.graphics,2
3035,0,alt.atheism,0
3036,1,comp.graphics,2
3037,0,alt.atheism,3
3038,0,alt.atheism,3
3039,2,sci.space,3
3040,0,alt.atheism,3
3041,1,comp.graphics,2
3042,0,alt.atheism,3
3043,0,alt.atheism,3
3044,3,talk.religion.misc,0
3045,0,alt.atheism,3
3046,0,alt.atheism,2
3047,1,comp.graphics,2
3048,3,talk.religion.misc,3
3049,3,talk.religion.misc,3
3050,0,alt.atheism,3
3051,1,comp.graphics,2
3052,3,talk.religion.misc,3
3053,2,sci.space,1
3054,3,talk.religion.misc,3
3055,3,talk.religion.misc,3
3056,2,sci.space,3
3057,1,comp.graphics,3
3058,0,alt.atheism,3
3059,1,comp.graphics,3
3060,0,alt.atheism,3
3061,3,talk.religion.misc,0
3062,0,alt.atheism,3
3063,2,sci.space,1
3064,2,sci.space,1
3065,1,comp.graphics,2
3066,2,sci.space,1
3067,2,sci.space,1
3068,3,talk.religion.misc,0
3069,2,sci.space,3
3070,0,alt.atheism,3
3071,3,talk.religion.misc,3
3072,3,talk.religion.misc,3
3073,3,talk.religion.misc,0
3074,2,sci.space,1
3075,1,comp.graphics,2
3076,2,sci.space,3
3077,1,comp.graphics,3
3078,1,comp.graphics,2
3079,1,comp.graphics,2
3080,0,alt.atheism,3
3081,1,comp.graphics,3
3082,2,sci.space,3
3083,2,sci.space,2
3084,3,talk.religion.misc,3
3085,0,alt.atheism,0
3086,2,sci.space,1
3087,3,talk.religion.misc,3
3088,0,alt.atheism,3
3089,2,sci.space,1
3090,0,alt.atheism,0
3091,2,sci.space,1
3092,2,sci.space,3
3093,2,sci.space,1
3094,1,comp.graphics,2
3095,0,alt.atheism,3
3096,3,talk.religion.misc,3
3097,2,sci.space,3
3098,1,comp.graphics,2
3099,2,sci.space,1
3100,3,talk.religion.misc,0
3101,2,sci.space,1
3102,2,sci.space,3
3103,0,alt.atheism,0
3104,1,comp.graphics,2
3105,1,comp.graphics,2
3106,1,comp.graphics,2
3107,2,sci.space,3
3108,2,sci.space,1
3109,2,sci.space,1
3110,1,comp.graphics,2
3111,3,talk.religion.misc,3
3112,2,sci.space,1
3113,0,alt.atheism,3
3114,2,sci.space,3
3115,3,talk.religion.misc,3
3116,1,comp.graphics,2
3117,3,talk.religion.misc,3
3118,1,comp.graphics,3
3119,1,comp.graphics,2
3120,1,comp.graphics,2
3121,1,comp.graphics,2
3122,3,talk.religion.misc,3
3123,3,talk.religion.misc,3
3124,1,comp.graphics,2
3125,0,alt.atheism,0
3126,2,sci.space,2
3127,2,sci.space,1
3128,1,comp.graphics,2
3129,0,alt.atheism,3
3130,0,alt.atheism,3
3131,3,talk.religion.misc,0
3132,1,comp.graphics,2
3133,2,sci.space,1
3134,2,sci.space,1
3135,3,talk.religion.misc,3
3136,2,sci.space,3
3137,2,sci.space,1
3138,3,talk.religion.misc,0
3139,3,talk.religion.misc,0
3140,2,sci.space,1
3141,1,comp.graphics,2
3142,0,alt.atheism,3
3143,0,alt.atheism,3
3144,2,sci.space,1
3145,0,alt.atheism,0
3146,0,alt.atheism,2
3147,0,alt.atheism,3
3148,2,sci.space,1
3149,1,comp.graphics,2
3150,0,alt.atheism,0
3151,3,talk.religion.misc,3
3152,1,comp.graphics,3
3153,3,talk.religion.misc,3
3154,0,alt.atheism,0
3155,0,alt.atheism,3
3156,1,comp.graphics,2
3157,3,talk.religion.misc,3
3158,0,alt.atheism,3
3159,2,sci.space,1
3160,1,comp.graphics,2
3161,1,comp.graphics,2
3162,2,sci.space,1
3163,1,comp.graphics,2
3164,1,comp.graphics,2
3165,1,comp.graphics,3
3166,2,sci.space,3
3167,3,talk.religion.misc,0
3168,3,talk.religion.misc,3
3169,2,sci.space,1
3170,0,alt.atheism,3
3171,2,sci.space,1
3172,0,alt.atheism,3
3173,1,comp.graphics,2
3174,2,sci.space,2
3175,3,talk.religion.misc,3
3176,2,sci.space,1
3177,0,alt.atheism,3
3178,2,sci.space,1
3179,0,alt.atheism,3
3180,2,sci.space,1
3181,1,comp.graphics,2
3182,2,sci.space,1
3183,1,comp.graphics,2
3184,1,comp.graphics,3
3185,2,sci.space,1
3186,3,talk.religion.misc,3
3187,3,talk.religion.misc,0
3188,0,alt.atheism,3
3189,2,sci.space,1
3190,2,sci.space,1
3191,3,talk.religion.misc,3
3192,1,comp.graphics,2
3193,0,alt.atheism,3
3194,3,talk.religion.misc,3
3195,1,comp.graphics,2
3196,2,sci.space,1
3197,1,comp.graphics,2
3198,0,alt.atheism,3
3199,2,sci.space,1
3200,0,alt.atheism,0
3201,1,comp.graphics,2
3202,1,comp.graphics,2
3203,1,comp.graphics,3
3204,2,sci.space,1
3205,2,sci.space,1
3206,1,comp.graphics,2
3207,1,comp.graphics,2
3208,0,alt.atheism,3
3209,2,sci.space,1
3210,0,alt.atheism,3
3211,1,comp.graphics,2
3212,1,comp.graphics,2
3213,0,alt.atheism,3
3214,2,sci.space,3
3215,3,talk.religion.misc,3
3216,2,sci.space,2
3217,1,comp.graphics,2
3218,0,alt.atheism,0
3219,1,comp.graphics,2
3220,0,alt.atheism,3
3221,0,alt.atheism,3
3222,0,alt.atheism,3
3223,3,talk.religion.misc,0
3224,3,talk.religion.misc,3
3225,0,alt.atheism,3
3226,2,sci.space,3
3227,1,comp.graphics,2
3228,1,comp.graphics,2
3229,0,alt.atheism,3
3230,2,sci.space,3
3231,2,sci.space,1
3232,1,comp.graphics,2
3233,3,talk.religion.misc,3
3234,3,talk.religion.misc,3
3235,3,talk.religion.misc,3
3236,2,sci.space,3
3237,1,comp.graphics,2
3238,0,alt.atheism,3
3239,1,comp.graphics,2
3240,2,sci.space,1
3241,2,sci.space,3
3242,2,sci.space,1
3243,3,talk.religion.misc,3
3244,0,alt.atheism,3
3245,1,comp.graphics,3
3246,0,alt.atheism,3
3247,1,comp.graphics,2
3248,1,comp.graphics,3
3249,2,sci.space,3
3250,2,sci.space,1
3251,1,comp.graphics,3
3252,2,sci.space,1
3253,0,alt.atheism,0
3254,2,sci.space,1
3255,2,sci.space,2
3256,1,comp.graphics,2
3257,1,comp.graphics,2
3258,0,alt.atheism,0
3259,2,sci.space,3
3260,0,alt.atheism,3
3261,0,alt.atheism,0
3262,1,comp.graphics,2
3263,2,sci.space,1
3264,2,sci.space,1
3265,1,comp.graphics,2
3266,1,comp.graphics,2
3267,2,sci.space,1
3268,3,talk.religion.misc,3
3269,2,sci.space,1
3270,1,comp.graphics,2
3271,1,comp.graphics,2
3272,1,comp.graphics,3
3273,1,comp.graphics,2
3274,3,talk.religion.misc,3
3275,2,sci.space,1
3276,1,comp.graphics,2
3277,1,comp.graphics,2
3278,2,sci.space,1
3279,3,talk.religion.misc,3
3280,0,alt.atheism,3
3281,1,comp.graphics,2
3282,0,alt.atheism,0
3283,2,sci.space,1
3284,3,talk.religion.misc,3
3285,1,comp.graphics,2
3286,3,talk.religion.misc,0
3287,2,sci.space,2
3288,2,sci.space,3
3289,2,sci.space,1
3290,3,talk.religion.misc,3
3291,2,sci.space,3
3292,3,talk.religion.misc,3
3293,0,alt.atheism,3
3294,0,alt.atheism,3
3295,0,alt.atheism,3
3296,2,sci.space,1
3297,2,sci.space,1
3298,2,sci.space,2
3299,3,talk.religion.misc,3
3300,2,sci.space,3
3301,2,sci.space,1
3302,2,sci.space,1
3303,1,comp.graphics,3
3304,0,alt.atheism,3
3305,2,sci.space,2
3306,2,sci.space,1
3307,2,sci.space,3
3308,1,comp.graphics,2
3309,0,alt.atheism,3
3310,0,alt.atheism,3
3311,0,alt.atheism,3
3312,2,sci.space,3
3313,3,talk.religion.misc,0
3314,1,comp.graphics,2
3315,0,alt.atheism,3
3316,0,alt.atheism,3
3317,3,talk.religion.misc,3
3318,3,talk.religion.misc,3
3319,2,sci.space,3
3320,0,alt.atheism,3
3321,0,alt.atheism,1
3322,1,comp.graphics,2
3323,3,talk.religion.misc,3
3324,2,sci.space,1
3325,0,alt.atheism,3
3326,3,talk.religion.misc,3
3327,2,sci.space,3
3328,3,talk.religion.misc,3
3329,0,alt.atheism,3
3330,0,alt.atheism,3
3331,3,talk.religion.misc,3
3332,2,sci.space,2
3333,2,sci.space,3
3334,1,comp.graphics,2
3335,2,sci.space,1
3336,3,talk.religion.misc,0
3337,2,sci.space,1
3338,2,sci.space,2
3339,0,alt.atheism,0
3340,3,talk.religion.misc,3
3341,3,talk.religion.misc,3
3342,3,talk.religion.misc,3
3343,3,talk.religion.misc,3
3344,0,alt.atheism,3
3345,1,comp.graphics,2
3346,1,comp.graphics,2
3347,3,talk.religion.misc,3
3348,0,alt.atheism,3
3349,0,alt.atheism,3
3350,2,sci.space,1
3351,1,comp.graphics,3
3352,2,sci.space,1
3353,0,alt.atheism,3
3354,0,alt.atheism,3
3355,0,alt.atheism,0
3356,3,talk.religion.misc,3
3357,1,comp.graphics,2
3358,0,alt.atheism,3
3359,0,alt.atheism,3
3360,1,comp.graphics,3
3361,2,sci.space,3
3362,2,sci.space,3
3363,0,alt.atheism,0
3364,1,comp.graphics,2
3365,1,comp.graphics,2
3366,2,sci.space,2
3367,0,alt.atheism,3
3368,2,sci.space,1
3369,3,talk.religion.misc,3
3370,2,sci.space,1
3371,3,talk.religion.misc,3
3372,3,talk.religion.misc,3
3373,2,sci.space,3
3374,0,alt.atheism,3
3375,1,comp.graphics,2
3376,0,alt.atheism,3
3377,0,alt.atheism,3
3378,2,sci.space,1
3379,3,talk.religion.misc,0
3380,0,alt.atheism,3
3381,1,comp.graphics,2
3382,1,comp.graphics,2
3383,2,sci.space,2
3384,2,sci.space,3
3385,1,comp.graphics,2
3386,1,comp.graphics,2
